{
    "predictions": {
        "Accuracy": {
            "GaussianNB": 0.5381443298969072,
            "NearestCentroid": 0.5268041237113402,
            "BernoulliNB": 0.5164948453608248,
            "SVC": 0.6319587628865979,
            "LinearDiscriminantAnalysis": 0.565979381443299,
            "LogisticRegression": 0.5536082474226804,
            "Perceptron": 0.5567010309278351,
            "SGDClassifier": 0.5556701030927835,
            "RidgeClassifierCV": 0.5690721649484536,
            "LinearSVC": 0.5298969072164949,
            "RidgeClassifier": 0.5639175257731959,
            "PassiveAggressiveClassifier": 0.5309278350515464,
            "LGBMClassifier": 0.5855670103092784,
            "KNeighborsClassifier": 0.5432989690721649,
            "AdaBoostClassifier": 0.4896907216494845,
            "CalibratedClassifierCV": 0.5494845360824743,
            "BaggingClassifier": 0.5103092783505154,
            "RandomForestClassifier": 0.5577319587628866,
            "ExtraTreesClassifier": 0.5525773195876289,
            "DecisionTreeClassifier": 0.4402061855670103,
            "ExtraTreeClassifier": 0.41030927835051545,
            "DummyClassifier": 0.46804123711340206,
            "LabelSpreading": 0.09175257731958762,
            "LabelPropagation": 0.09175257731958762,
            "QuadraticDiscriminantAnalysis": 0.46804123711340206
        },
        "Balanced Accuracy": {
            "GaussianNB": 0.6179244646772643,
            "NearestCentroid": 0.6157835820235864,
            "BernoulliNB": 0.601542490801617,
            "SVC": 0.5651631831738851,
            "LinearDiscriminantAnalysis": 0.5526174116121785,
            "LogisticRegression": 0.5347685179031324,
            "Perceptron": 0.525080797454239,
            "SGDClassifier": 0.5231656817763948,
            "RidgeClassifierCV": 0.5109997701339202,
            "LinearSVC": 0.5046436285433601,
            "RidgeClassifier": 0.5016208965518422,
            "PassiveAggressiveClassifier": 0.4920445014253496,
            "LGBMClassifier": 0.4779013858641542,
            "KNeighborsClassifier": 0.4751289146648325,
            "AdaBoostClassifier": 0.47301799551623414,
            "CalibratedClassifierCV": 0.3994941891522976,
            "BaggingClassifier": 0.3905944648084798,
            "RandomForestClassifier": 0.38917181719533067,
            "ExtraTreesClassifier": 0.3767889815567062,
            "DecisionTreeClassifier": 0.374638847554709,
            "ExtraTreeClassifier": 0.33361871145626665,
            "DummyClassifier": 0.25,
            "LabelSpreading": 0.25,
            "LabelPropagation": 0.25,
            "QuadraticDiscriminantAnalysis": 0.25
        },
        "ROC AUC": {
            "GaussianNB": null,
            "NearestCentroid": null,
            "BernoulliNB": null,
            "SVC": null,
            "LinearDiscriminantAnalysis": null,
            "LogisticRegression": null,
            "Perceptron": null,
            "SGDClassifier": null,
            "RidgeClassifierCV": null,
            "LinearSVC": null,
            "RidgeClassifier": null,
            "PassiveAggressiveClassifier": null,
            "LGBMClassifier": null,
            "KNeighborsClassifier": null,
            "AdaBoostClassifier": null,
            "CalibratedClassifierCV": null,
            "BaggingClassifier": null,
            "RandomForestClassifier": null,
            "ExtraTreesClassifier": null,
            "DecisionTreeClassifier": null,
            "ExtraTreeClassifier": null,
            "DummyClassifier": null,
            "LabelSpreading": null,
            "LabelPropagation": null,
            "QuadraticDiscriminantAnalysis": null
        },
        "F1 Score": {
            "GaussianNB": 0.5444401516069902,
            "NearestCentroid": 0.5325759414352703,
            "BernoulliNB": 0.5215657170618111,
            "SVC": 0.6236343141340416,
            "LinearDiscriminantAnalysis": 0.5656733076510947,
            "LogisticRegression": 0.5538533857069626,
            "Perceptron": 0.5575428334118606,
            "SGDClassifier": 0.5543112137147833,
            "RidgeClassifierCV": 0.5662029491617806,
            "LinearSVC": 0.5309765946507572,
            "RidgeClassifier": 0.5608217225845487,
            "PassiveAggressiveClassifier": 0.5312977009723597,
            "LGBMClassifier": 0.570567704446652,
            "KNeighborsClassifier": 0.5224216689741347,
            "AdaBoostClassifier": 0.4800372780574123,
            "CalibratedClassifierCV": 0.5050580529213403,
            "BaggingClassifier": 0.4852971733418683,
            "RandomForestClassifier": 0.5128333708257433,
            "ExtraTreesClassifier": 0.4944712563007699,
            "DecisionTreeClassifier": 0.4377974297958254,
            "ExtraTreeClassifier": 0.4120082852222234,
            "DummyClassifier": 0.2984420247886019,
            "LabelSpreading": 0.015422057377607741,
            "LabelPropagation": 0.015422057377607741,
            "QuadraticDiscriminantAnalysis": 0.2984420247886019
        },
        "Time Taken": {
            "GaussianNB": 0.1617906093597412,
            "NearestCentroid": 0.16693449020385742,
            "BernoulliNB": 0.2501654624938965,
            "SVC": 8.100979804992676,
            "LinearDiscriminantAnalysis": 1.881453514099121,
            "LogisticRegression": 1.4806358814239502,
            "Perceptron": 0.9676589965820312,
            "SGDClassifier": 5.888707160949707,
            "RidgeClassifierCV": 1.6634433269500732,
            "LinearSVC": 21.707188844680786,
            "RidgeClassifier": 0.3376624584197998,
            "PassiveAggressiveClassifier": 2.0659284591674805,
            "LGBMClassifier": 63.86332893371582,
            "KNeighborsClassifier": 0.4129965305328369,
            "AdaBoostClassifier": 28.202672004699707,
            "CalibratedClassifierCV": 75.68836832046509,
            "BaggingClassifier": 32.74147176742554,
            "RandomForestClassifier": 10.436683893203735,
            "ExtraTreesClassifier": 2.698512554168701,
            "DecisionTreeClassifier": 5.197479486465454,
            "ExtraTreeClassifier": 0.23597335815429688,
            "DummyClassifier": 0.19461536407470703,
            "LabelSpreading": 0.935147762298584,
            "LabelPropagation": 0.8213567733764648,
            "QuadraticDiscriminantAnalysis": 2.2784016132354736
        }
    }
}