{
    "predictions": {
        "Accuracy": {
            "GaussianNB": 0.5720164609053497,
            "NearestCentroid": 0.5534979423868313,
            "BernoulliNB": 0.5534979423868313,
            "SVC": 0.6460905349794238,
            "LinearDiscriminantAnalysis": 0.5617283950617284,
            "RidgeClassifierCV": 0.5740740740740741,
            "LogisticRegression": 0.5390946502057613,
            "Perceptron": 0.5617283950617284,
            "LGBMClassifier": 0.6378600823045267,
            "RidgeClassifier": 0.5617283950617284,
            "SGDClassifier": 0.5473251028806584,
            "PassiveAggressiveClassifier": 0.5390946502057613,
            "LinearSVC": 0.5370370370370371,
            "KNeighborsClassifier": 0.5534979423868313,
            "AdaBoostClassifier": 0.48559670781893005,
            "BaggingClassifier": 0.5267489711934157,
            "DecisionTreeClassifier": 0.4547325102880658,
            "RandomForestClassifier": 0.5699588477366255,
            "CalibratedClassifierCV": 0.5390946502057613,
            "ExtraTreesClassifier": 0.5473251028806584,
            "ExtraTreeClassifier": 0.411522633744856,
            "DummyClassifier": 0.4670781893004115,
            "LabelSpreading": 0.09053497942386832,
            "LabelPropagation": 0.09053497942386832,
            "QuadraticDiscriminantAnalysis": 0.46502057613168724
        },
        "Balanced Accuracy": {
            "GaussianNB": 0.6530364756070558,
            "NearestCentroid": 0.6453309715171179,
            "BernoulliNB": 0.6420153285739294,
            "SVC": 0.5802856141941187,
            "LinearDiscriminantAnalysis": 0.5477703483701399,
            "RidgeClassifierCV": 0.5325783654956806,
            "LogisticRegression": 0.5233347756829153,
            "Perceptron": 0.521467739830711,
            "LGBMClassifier": 0.5187067295125408,
            "RidgeClassifier": 0.5184699808432794,
            "SGDClassifier": 0.5141541731315104,
            "PassiveAggressiveClassifier": 0.49947864083606913,
            "LinearSVC": 0.4904811797110625,
            "KNeighborsClassifier": 0.48766005484025937,
            "AdaBoostClassifier": 0.45178574319123066,
            "BaggingClassifier": 0.4033814379650791,
            "DecisionTreeClassifier": 0.3951615691324599,
            "RandomForestClassifier": 0.38867148312505945,
            "CalibratedClassifierCV": 0.3748261012016816,
            "ExtraTreesClassifier": 0.36430827771769236,
            "ExtraTreeClassifier": 0.3209335359117568,
            "DummyClassifier": 0.25,
            "LabelSpreading": 0.25,
            "LabelPropagation": 0.25,
            "QuadraticDiscriminantAnalysis": 0.2488986784140969
        },
        "ROC AUC": {
            "GaussianNB": null,
            "NearestCentroid": null,
            "BernoulliNB": null,
            "SVC": null,
            "LinearDiscriminantAnalysis": null,
            "RidgeClassifierCV": null,
            "LogisticRegression": null,
            "Perceptron": null,
            "LGBMClassifier": null,
            "RidgeClassifier": null,
            "SGDClassifier": null,
            "PassiveAggressiveClassifier": null,
            "LinearSVC": null,
            "KNeighborsClassifier": null,
            "AdaBoostClassifier": null,
            "BaggingClassifier": null,
            "DecisionTreeClassifier": null,
            "RandomForestClassifier": null,
            "CalibratedClassifierCV": null,
            "ExtraTreesClassifier": null,
            "ExtraTreeClassifier": null,
            "DummyClassifier": null,
            "LabelSpreading": null,
            "LabelPropagation": null,
            "QuadraticDiscriminantAnalysis": null
        },
        "F1 Score": {
            "GaussianNB": 0.577035214496407,
            "NearestCentroid": 0.5593894738749748,
            "BernoulliNB": 0.558357248361497,
            "SVC": 0.6364121479231172,
            "LinearDiscriminantAnalysis": 0.5620371694909158,
            "RidgeClassifierCV": 0.5715590653998931,
            "LogisticRegression": 0.5401408927799445,
            "Perceptron": 0.560483752222317,
            "LGBMClassifier": 0.6224483337259632,
            "RidgeClassifier": 0.5602903374863994,
            "SGDClassifier": 0.5460835059581463,
            "PassiveAggressiveClassifier": 0.5379438230999463,
            "LinearSVC": 0.5375121233999546,
            "KNeighborsClassifier": 0.5300083352312099,
            "AdaBoostClassifier": 0.47182726990316226,
            "BaggingClassifier": 0.504323013990508,
            "DecisionTreeClassifier": 0.4536150599761911,
            "RandomForestClassifier": 0.51707862479497,
            "CalibratedClassifierCV": 0.4854678587226553,
            "ExtraTreesClassifier": 0.48675532685800144,
            "ExtraTreeClassifier": 0.41077349101390925,
            "DummyClassifier": 0.2974102355433195,
            "LabelSpreading": 0.01503222299868002,
            "LabelPropagation": 0.01503222299868002,
            "QuadraticDiscriminantAnalysis": 0.2965159291626208
        },
        "Time Taken": {
            "GaussianNB": 0.15198040008544922,
            "NearestCentroid": 0.15276837348937988,
            "BernoulliNB": 0.25397777557373047,
            "SVC": 6.624230861663818,
            "LinearDiscriminantAnalysis": 1.9271681308746338,
            "RidgeClassifierCV": 1.731154203414917,
            "LogisticRegression": 1.3702404499053955,
            "Perceptron": 0.9845519065856934,
            "LGBMClassifier": 64.01845622062683,
            "RidgeClassifier": 0.2962615489959717,
            "SGDClassifier": 6.211406946182251,
            "PassiveAggressiveClassifier": 2.184465169906616,
            "LinearSVC": 22.391856908798218,
            "KNeighborsClassifier": 0.2444002628326416,
            "AdaBoostClassifier": 24.38633632659912,
            "BaggingClassifier": 34.39942169189453,
            "DecisionTreeClassifier": 5.757419109344482,
            "RandomForestClassifier": 11.05502200126648,
            "CalibratedClassifierCV": 80.76291131973267,
            "ExtraTreesClassifier": 1.9701542854309082,
            "ExtraTreeClassifier": 0.1318986415863037,
            "DummyClassifier": 0.11325430870056152,
            "LabelSpreading": 0.8599650859832764,
            "LabelPropagation": 0.7438523769378662,
            "QuadraticDiscriminantAnalysis": 2.3757784366607666
        }
    }
}