{
    "predictions": {
        "Accuracy": {
            "Perceptron": 0.7865,
            "LogisticRegression": 0.819,
            "SVC": 0.838,
            "LinearDiscriminantAnalysis": 0.8175,
            "SGDClassifier": 0.79,
            "RidgeClassifier": 0.8285,
            "RidgeClassifierCV": 0.828,
            "NearestCentroid": 0.708,
            "GaussianNB": 0.7135,
            "PassiveAggressiveClassifier": 0.784,
            "BernoulliNB": 0.7105,
            "LinearSVC": 0.788,
            "KNeighborsClassifier": 0.7755,
            "LGBMClassifier": 0.812,
            "CalibratedClassifierCV": 0.8185,
            "AdaBoostClassifier": 0.7765,
            "QuadraticDiscriminantAnalysis": 0.793,
            "DecisionTreeClassifier": 0.6815,
            "BaggingClassifier": 0.77,
            "ExtraTreeClassifier": 0.669,
            "RandomForestClassifier": 0.774,
            "ExtraTreesClassifier": 0.774,
            "DummyClassifier": 0.757,
            "LabelPropagation": 0.757,
            "LabelSpreading": 0.757
        },
        "Balanced Accuracy": {
            "Perceptron": 0.7178745970394289,
            "LogisticRegression": 0.7162885768492697,
            "SVC": 0.7099771134704351,
            "LinearDiscriminantAnalysis": 0.7076137123473099,
            "SGDClassifier": 0.7055166865089073,
            "RidgeClassifier": 0.705099455833347,
            "RidgeClassifierCV": 0.704769204842594,
            "NearestCentroid": 0.6918717484547516,
            "GaussianNB": 0.6899160646041609,
            "PassiveAggressiveClassifier": 0.686884007154079,
            "BernoulliNB": 0.6830446695043789,
            "LinearSVC": 0.6825404591440112,
            "KNeighborsClassifier": 0.6700928508135319,
            "LGBMClassifier": 0.6676560605813504,
            "CalibratedClassifierCV": 0.6621695451506108,
            "AdaBoostClassifier": 0.646303907018717,
            "QuadraticDiscriminantAnalysis": 0.5992220754440041,
            "DecisionTreeClassifier": 0.5793648852139972,
            "BaggingClassifier": 0.5735521959652299,
            "ExtraTreeClassifier": 0.5620273877282537,
            "RandomForestClassifier": 0.5503476469277144,
            "ExtraTreesClassifier": 0.5461563133660594,
            "DummyClassifier": 0.5,
            "LabelPropagation": 0.5,
            "LabelSpreading": 0.5
        },
        "ROC AUC": {
            "Perceptron": null,
            "LogisticRegression": null,
            "SVC": null,
            "LinearDiscriminantAnalysis": null,
            "SGDClassifier": null,
            "RidgeClassifier": null,
            "RidgeClassifierCV": null,
            "NearestCentroid": null,
            "GaussianNB": null,
            "PassiveAggressiveClassifier": null,
            "BernoulliNB": null,
            "LinearSVC": null,
            "KNeighborsClassifier": null,
            "LGBMClassifier": null,
            "CalibratedClassifierCV": null,
            "AdaBoostClassifier": null,
            "QuadraticDiscriminantAnalysis": null,
            "DecisionTreeClassifier": null,
            "BaggingClassifier": null,
            "ExtraTreeClassifier": null,
            "RandomForestClassifier": null,
            "ExtraTreesClassifier": null,
            "DummyClassifier": null,
            "LabelPropagation": null,
            "LabelSpreading": null
        },
        "F1 Score": {
            "Perceptron": 0.7881505330312127,
            "LogisticRegression": 0.8108042091836734,
            "SVC": 0.8220341314020455,
            "LinearDiscriminantAnalysis": 0.8074586408349665,
            "SGDClassifier": 0.7880080745315815,
            "RidgeClassifier": 0.8141441379919349,
            "RidgeClassifierCV": 0.8137090195045138,
            "NearestCentroid": 0.7248795397956557,
            "GaussianNB": 0.7290113896532247,
            "PassiveAggressiveClassifier": 0.7793584694068272,
            "BernoulliNB": 0.7258312548815297,
            "LinearSVC": 0.7808341554922531,
            "KNeighborsClassifier": 0.769226267182246,
            "LGBMClassifier": 0.7908669950738916,
            "CalibratedClassifierCV": 0.7923882138774818,
            "AdaBoostClassifier": 0.7622629605833019,
            "QuadraticDiscriminantAnalysis": 0.7473178465451461,
            "DecisionTreeClassifier": 0.685172743020706,
            "BaggingClassifier": 0.7231436425431673,
            "ExtraTreeClassifier": 0.6727140138461151,
            "RandomForestClassifier": 0.7056732469719862,
            "ExtraTreesClassifier": 0.7017862402905275,
            "DummyClassifier": 0.6523039271485486,
            "LabelPropagation": 0.6523039271485486,
            "LabelSpreading": 0.6523039271485486
        },
        "Time Taken": {
            "Perceptron": 0.8352301120758057,
            "LogisticRegression": 3.054805040359497,
            "SVC": 113.17371535301208,
            "LinearDiscriminantAnalysis": 6.048436880111694,
            "SGDClassifier": 4.600305795669556,
            "RidgeClassifier": 0.9268314838409424,
            "RidgeClassifierCV": 6.213788270950317,
            "NearestCentroid": 0.5052554607391357,
            "GaussianNB": 0.5587618350982666,
            "PassiveAggressiveClassifier": 1.178422212600708,
            "BernoulliNB": 0.8850986957550049,
            "LinearSVC": 40.584192991256714,
            "KNeighborsClassifier": 2.543562412261963,
            "LGBMClassifier": 28.007706880569458,
            "CalibratedClassifierCV": 156.15480875968933,
            "AdaBoostClassifier": 109.03266763687134,
            "QuadraticDiscriminantAnalysis": 5.688142538070679,
            "DecisionTreeClassifier": 35.798654556274414,
            "BaggingClassifier": 321.31973934173584,
            "ExtraTreeClassifier": 0.7110130786895752,
            "RandomForestClassifier": 62.65168881416321,
            "ExtraTreesClassifier": 9.009538888931274,
            "DummyClassifier": 0.5791196823120117,
            "LabelPropagation": 10.04470944404602,
            "LabelSpreading": 12.181411743164062
        }
    }
}