{
    "predictions": {
        "Accuracy": {
            "NearestCentroid": 0.4074074074074074,
            "BernoulliNB": 0.4094650205761317,
            "GaussianNB": 0.4074074074074074,
            "LinearDiscriminantAnalysis": 0.42592592592592593,
            "PassiveAggressiveClassifier": 0.3868312757201646,
            "SVC": 0.48559670781893005,
            "Perceptron": 0.38271604938271603,
            "SGDClassifier": 0.4053497942386831,
            "RidgeClassifierCV": 0.4403292181069959,
            "LogisticRegression": 0.39711934156378603,
            "KNeighborsClassifier": 0.3724279835390947,
            "LGBMClassifier": 0.4670781893004115,
            "RidgeClassifier": 0.4279835390946502,
            "LinearSVC": 0.36213991769547327,
            "CalibratedClassifierCV": 0.3950617283950617,
            "BaggingClassifier": 0.35802469135802467,
            "ExtraTreesClassifier": 0.38477366255144035,
            "RandomForestClassifier": 0.38065843621399176,
            "DecisionTreeClassifier": 0.2551440329218107,
            "AdaBoostClassifier": 0.2654320987654321,
            "ExtraTreeClassifier": 0.24074074074074073,
            "QuadraticDiscriminantAnalysis": 0.1440329218106996,
            "DummyClassifier": 0.20987654320987653,
            "LabelPropagation": 0.01646090534979424,
            "LabelSpreading": 0.01646090534979424
        },
        "Balanced Accuracy": {
            "NearestCentroid": 0.4332202677502787,
            "BernoulliNB": 0.433040168495636,
            "GaussianNB": 0.41759383246106463,
            "LinearDiscriminantAnalysis": 0.3388390021388361,
            "PassiveAggressiveClassifier": 0.3054539583594074,
            "SVC": 0.30350472909480836,
            "Perceptron": 0.30020381428388987,
            "SGDClassifier": 0.2978625913083317,
            "RidgeClassifierCV": 0.29422662780352254,
            "LogisticRegression": 0.29326307076745023,
            "KNeighborsClassifier": 0.2902762608967661,
            "LGBMClassifier": 0.2887169856743893,
            "RidgeClassifier": 0.28693438705539936,
            "LinearSVC": 0.27108174132307455,
            "CalibratedClassifierCV": 0.23566064130903702,
            "BaggingClassifier": 0.231593247123166,
            "ExtraTreesClassifier": 0.2082406674318439,
            "RandomForestClassifier": 0.20621072974014154,
            "DecisionTreeClassifier": 0.17137629071637,
            "AdaBoostClassifier": 0.1666177191912486,
            "ExtraTreeClassifier": 0.15616724760994538,
            "QuadraticDiscriminantAnalysis": 0.13078321046235486,
            "DummyClassifier": 0.09090909090909091,
            "LabelPropagation": 0.09090909090909091,
            "LabelSpreading": 0.09090909090909091
        },
        "ROC AUC": {
            "NearestCentroid": null,
            "BernoulliNB": null,
            "GaussianNB": null,
            "LinearDiscriminantAnalysis": null,
            "PassiveAggressiveClassifier": null,
            "SVC": null,
            "Perceptron": null,
            "SGDClassifier": null,
            "RidgeClassifierCV": null,
            "LogisticRegression": null,
            "KNeighborsClassifier": null,
            "LGBMClassifier": null,
            "RidgeClassifier": null,
            "LinearSVC": null,
            "CalibratedClassifierCV": null,
            "BaggingClassifier": null,
            "ExtraTreesClassifier": null,
            "RandomForestClassifier": null,
            "DecisionTreeClassifier": null,
            "AdaBoostClassifier": null,
            "ExtraTreeClassifier": null,
            "QuadraticDiscriminantAnalysis": null,
            "DummyClassifier": null,
            "LabelPropagation": null,
            "LabelSpreading": null
        },
        "F1 Score": {
            "NearestCentroid": 0.4117155272734385,
            "BernoulliNB": 0.40518620650710385,
            "GaussianNB": 0.40668936413206364,
            "LinearDiscriminantAnalysis": 0.42450053809660987,
            "PassiveAggressiveClassifier": 0.38699190151210683,
            "SVC": 0.4564494246252696,
            "Perceptron": 0.38257610460711916,
            "SGDClassifier": 0.4038291277964789,
            "RidgeClassifierCV": 0.4230422825226477,
            "LogisticRegression": 0.39428856067637014,
            "KNeighborsClassifier": 0.35335732463179886,
            "LGBMClassifier": 0.4389704856704252,
            "RidgeClassifier": 0.4118490518560939,
            "LinearSVC": 0.3641518582655411,
            "CalibratedClassifierCV": 0.3615802952078807,
            "BaggingClassifier": 0.33188176631723737,
            "ExtraTreesClassifier": 0.33463343405558954,
            "RandomForestClassifier": 0.3368844094282158,
            "DecisionTreeClassifier": 0.25453076065797475,
            "AdaBoostClassifier": 0.2130913163194033,
            "ExtraTreeClassifier": 0.24106633342907424,
            "QuadraticDiscriminantAnalysis": 0.1487449853161886,
            "DummyClassifier": 0.072814310909549,
            "LabelPropagation": 0.0005331467319771414,
            "LabelSpreading": 0.0005331467319771414
        },
        "Time Taken": {
            "NearestCentroid": 0.17383527755737305,
            "BernoulliNB": 0.44204115867614746,
            "GaussianNB": 0.17107796669006348,
            "LinearDiscriminantAnalysis": 2.9530694484710693,
            "PassiveAggressiveClassifier": 6.136866569519043,
            "SVC": 9.580500841140747,
            "Perceptron": 2.503089427947998,
            "SGDClassifier": 16.975746154785156,
            "RidgeClassifierCV": 1.881232738494873,
            "LogisticRegression": 2.9821126461029053,
            "KNeighborsClassifier": 0.2604825496673584,
            "LGBMClassifier": 157.98372316360474,
            "RidgeClassifier": 0.2920408248901367,
            "LinearSVC": 30.541173696517944,
            "CalibratedClassifierCV": 119.29048585891724,
            "BaggingClassifier": 37.28034257888794,
            "ExtraTreesClassifier": 2.3333725929260254,
            "RandomForestClassifier": 10.089364528656006,
            "DecisionTreeClassifier": 4.058019638061523,
            "AdaBoostClassifier": 26.590501070022583,
            "ExtraTreeClassifier": 0.15483522415161133,
            "QuadraticDiscriminantAnalysis": 1.6593139171600342,
            "DummyClassifier": 0.11497187614440918,
            "LabelPropagation": 0.7828452587127686,
            "LabelSpreading": 0.8972728252410889
        }
    }
}