{
    "predictions": {
        "Accuracy": {
            "LinearDiscriminantAnalysis": 0.83,
            "LogisticRegression": 0.8235,
            "SGDClassifier": 0.79225,
            "Perceptron": 0.78275,
            "RidgeClassifier": 0.8295,
            "RidgeClassifierCV": 0.829,
            "GaussianNB": 0.7205,
            "SVC": 0.83675,
            "NearestCentroid": 0.70775,
            "LinearSVC": 0.79175,
            "BernoulliNB": 0.71825,
            "PassiveAggressiveClassifier": 0.781,
            "LGBMClassifier": 0.8205,
            "KNeighborsClassifier": 0.7695,
            "CalibratedClassifierCV": 0.82,
            "AdaBoostClassifier": 0.79375,
            "QuadraticDiscriminantAnalysis": 0.788,
            "DecisionTreeClassifier": 0.6895,
            "BaggingClassifier": 0.768,
            "ExtraTreeClassifier": 0.668,
            "RandomForestClassifier": 0.7765,
            "ExtraTreesClassifier": 0.77,
            "DummyClassifier": 0.7575,
            "LabelPropagation": 0.7575,
            "LabelSpreading": 0.7575
        },
        "Balanced Accuracy": {
            "LinearDiscriminantAnalysis": 0.7293865469021129,
            "LogisticRegression": 0.7278996971862135,
            "SGDClassifier": 0.7181365043720866,
            "Perceptron": 0.7150199040522609,
            "RidgeClassifier": 0.7129359327685346,
            "RidgeClassifierCV": 0.7119050049334831,
            "GaussianNB": 0.7107277738083086,
            "SVC": 0.708259331087748,
            "NearestCentroid": 0.7079190908781601,
            "LinearSVC": 0.7009849954067572,
            "BernoulliNB": 0.7008318873124426,
            "PassiveAggressiveClassifier": 0.6809227314484025,
            "LGBMClassifier": 0.6800108876867068,
            "KNeighborsClassifier": 0.6652716818073561,
            "CalibratedClassifierCV": 0.6628593787213773,
            "AdaBoostClassifier": 0.6627045694260147,
            "QuadraticDiscriminantAnalysis": 0.5888197067129394,
            "DecisionTreeClassifier": 0.5791738967711204,
            "BaggingClassifier": 0.5693103330951652,
            "ExtraTreeClassifier": 0.5516654758259331,
            "RandomForestClassifier": 0.5500391276241026,
            "ExtraTreesClassifier": 0.53523527610493,
            "DummyClassifier": 0.5,
            "LabelPropagation": 0.5,
            "LabelSpreading": 0.5
        },
        "ROC AUC": {
            "LinearDiscriminantAnalysis": null,
            "LogisticRegression": null,
            "SGDClassifier": null,
            "Perceptron": null,
            "RidgeClassifier": null,
            "RidgeClassifierCV": null,
            "GaussianNB": null,
            "SVC": null,
            "NearestCentroid": null,
            "LinearSVC": null,
            "BernoulliNB": null,
            "PassiveAggressiveClassifier": null,
            "LGBMClassifier": null,
            "KNeighborsClassifier": null,
            "CalibratedClassifierCV": null,
            "AdaBoostClassifier": null,
            "QuadraticDiscriminantAnalysis": null,
            "DecisionTreeClassifier": null,
            "BaggingClassifier": null,
            "ExtraTreeClassifier": null,
            "RandomForestClassifier": null,
            "ExtraTreesClassifier": null,
            "DummyClassifier": null,
            "LabelPropagation": null,
            "LabelSpreading": null
        },
        "F1 Score": {
            "LinearDiscriminantAnalysis": 0.8219343461545879,
            "LogisticRegression": 0.816936899253798,
            "SGDClassifier": 0.7924312546303273,
            "Perceptron": 0.7849568685402257,
            "RidgeClassifier": 0.8172368470311625,
            "RidgeClassifierCV": 0.816600753441168,
            "GaussianNB": 0.7369233218866484,
            "SVC": 0.8207672266534954,
            "NearestCentroid": 0.726252527986472,
            "LinearSVC": 0.7882505441363004,
            "BernoulliNB": 0.7340930933172051,
            "PassiveAggressiveClassifier": 0.7759064333724528,
            "LGBMClassifier": 0.8007613982359025,
            "KNeighborsClassifier": 0.7641389629787687,
            "CalibratedClassifierCV": 0.7937084836851218,
            "AdaBoostClassifier": 0.7783689615592436,
            "QuadraticDiscriminantAnalysis": 0.7391376216835274,
            "DecisionTreeClassifier": 0.6900395422759058,
            "BaggingClassifier": 0.7200657563933434,
            "ExtraTreeClassifier": 0.6691442086768482,
            "RandomForestClassifier": 0.7060770662789065,
            "ExtraTreesClassifier": 0.6916510318444896,
            "DummyClassifier": 0.6529800853485065,
            "LabelPropagation": 0.6529800853485065,
            "LabelSpreading": 0.6529800853485065
        },
        "Time Taken": {
            "LinearDiscriminantAnalysis": 5.791922569274902,
            "LogisticRegression": 2.8278064727783203,
            "SGDClassifier": 5.01213812828064,
            "Perceptron": 0.9407048225402832,
            "RidgeClassifier": 0.949897050857544,
            "RidgeClassifierCV": 4.744575023651123,
            "GaussianNB": 0.5427412986755371,
            "SVC": 124.57325625419617,
            "NearestCentroid": 0.829571008682251,
            "LinearSVC": 39.55583310127258,
            "BernoulliNB": 0.9328267574310303,
            "PassiveAggressiveClassifier": 1.508587121963501,
            "LGBMClassifier": 27.209301233291626,
            "KNeighborsClassifier": 3.4437596797943115,
            "CalibratedClassifierCV": 150.70380902290344,
            "AdaBoostClassifier": 107.90936708450317,
            "QuadraticDiscriminantAnalysis": 5.6494574546813965,
            "DecisionTreeClassifier": 35.500033140182495,
            "BaggingClassifier": 322.90022587776184,
            "ExtraTreeClassifier": 0.5237264633178711,
            "RandomForestClassifier": 62.04979372024536,
            "ExtraTreesClassifier": 9.770870685577393,
            "DummyClassifier": 0.4287292957305908,
            "LabelPropagation": 11.633094549179077,
            "LabelSpreading": 13.245635032653809
        }
    }
}