{
    "predictions": {
        "Accuracy": {
            "NearestCentroid": 0.40103092783505156,
            "GaussianNB": 0.42061855670103093,
            "BernoulliNB": 0.40309278350515465,
            "LinearDiscriminantAnalysis": 0.41855670103092785,
            "LogisticRegression": 0.4175257731958763,
            "SVC": 0.5072164948453608,
            "SGDClassifier": 0.411340206185567,
            "Perceptron": 0.37422680412371134,
            "RidgeClassifierCV": 0.42783505154639173,
            "RidgeClassifier": 0.4216494845360825,
            "KNeighborsClassifier": 0.39690721649484534,
            "PassiveAggressiveClassifier": 0.3711340206185567,
            "LGBMClassifier": 0.45979381443298967,
            "LinearSVC": 0.3525773195876289,
            "CalibratedClassifierCV": 0.3907216494845361,
            "RandomForestClassifier": 0.40824742268041236,
            "ExtraTreesClassifier": 0.40309278350515465,
            "BaggingClassifier": 0.3402061855670103,
            "AdaBoostClassifier": 0.29690721649484536,
            "DecisionTreeClassifier": 0.2381443298969072,
            "ExtraTreeClassifier": 0.22577319587628866,
            "QuadraticDiscriminantAnalysis": 0.12989690721649486,
            "DummyClassifier": 0.211340206185567,
            "LabelPropagation": 0.016494845360824743,
            "LabelSpreading": 0.016494845360824743
        },
        "Balanced Accuracy": {
            "NearestCentroid": 0.4334645456502966,
            "GaussianNB": 0.4288659532049391,
            "BernoulliNB": 0.41258998729076296,
            "LinearDiscriminantAnalysis": 0.34810274707008726,
            "LogisticRegression": 0.33526197080630143,
            "SVC": 0.3350209326434166,
            "SGDClassifier": 0.32921792950700374,
            "Perceptron": 0.3020466574947865,
            "RidgeClassifierCV": 0.30049332178971744,
            "RidgeClassifier": 0.2971988214354109,
            "KNeighborsClassifier": 0.2905974716186999,
            "PassiveAggressiveClassifier": 0.2901131283381625,
            "LGBMClassifier": 0.2796475493143169,
            "LinearSVC": 0.26422144732152986,
            "CalibratedClassifierCV": 0.24265867896985951,
            "RandomForestClassifier": 0.22149354818726738,
            "ExtraTreesClassifier": 0.2132403916533798,
            "BaggingClassifier": 0.1970081483013425,
            "AdaBoostClassifier": 0.17768879822132752,
            "DecisionTreeClassifier": 0.15395703386354173,
            "ExtraTreeClassifier": 0.15208832298000755,
            "QuadraticDiscriminantAnalysis": 0.10931423867025862,
            "DummyClassifier": 0.09090909090909091,
            "LabelPropagation": 0.09090909090909091,
            "LabelSpreading": 0.09090909090909091
        },
        "ROC AUC": {
            "NearestCentroid": null,
            "GaussianNB": null,
            "BernoulliNB": null,
            "LinearDiscriminantAnalysis": null,
            "LogisticRegression": null,
            "SVC": null,
            "SGDClassifier": null,
            "Perceptron": null,
            "RidgeClassifierCV": null,
            "RidgeClassifier": null,
            "KNeighborsClassifier": null,
            "PassiveAggressiveClassifier": null,
            "LGBMClassifier": null,
            "LinearSVC": null,
            "CalibratedClassifierCV": null,
            "RandomForestClassifier": null,
            "ExtraTreesClassifier": null,
            "BaggingClassifier": null,
            "AdaBoostClassifier": null,
            "DecisionTreeClassifier": null,
            "ExtraTreeClassifier": null,
            "QuadraticDiscriminantAnalysis": null,
            "DummyClassifier": null,
            "LabelPropagation": null,
            "LabelSpreading": null
        },
        "F1 Score": {
            "NearestCentroid": 0.40641060828981196,
            "GaussianNB": 0.4185946066561699,
            "BernoulliNB": 0.4035286340783249,
            "LinearDiscriminantAnalysis": 0.41804279333837757,
            "LogisticRegression": 0.41638035478186,
            "SVC": 0.4862392737182841,
            "SGDClassifier": 0.4105408934580279,
            "Perceptron": 0.37638075324253645,
            "RidgeClassifierCV": 0.41706878601344577,
            "RidgeClassifier": 0.41113463818913687,
            "KNeighborsClassifier": 0.3789287843774568,
            "PassiveAggressiveClassifier": 0.37364757044220215,
            "LGBMClassifier": 0.43208179231819643,
            "LinearSVC": 0.3529361664971366,
            "CalibratedClassifierCV": 0.3668004624360639,
            "RandomForestClassifier": 0.3596419669272934,
            "ExtraTreesClassifier": 0.35209957813463344,
            "BaggingClassifier": 0.31271500296775095,
            "AdaBoostClassifier": 0.252245773365041,
            "DecisionTreeClassifier": 0.2375582877483201,
            "ExtraTreeClassifier": 0.225689605340926,
            "QuadraticDiscriminantAnalysis": 0.13714677874630318,
            "DummyClassifier": 0.07374424215836807,
            "LabelPropagation": 0.0005353296668827503,
            "LabelSpreading": 0.0005353296668827503
        },
        "Time Taken": {
            "NearestCentroid": 0.18773555755615234,
            "GaussianNB": 0.24667954444885254,
            "BernoulliNB": 0.2949666976928711,
            "LinearDiscriminantAnalysis": 2.0456502437591553,
            "LogisticRegression": 2.973402261734009,
            "SVC": 10.816393852233887,
            "SGDClassifier": 15.828666687011719,
            "Perceptron": 2.349834442138672,
            "RidgeClassifierCV": 1.6926558017730713,
            "RidgeClassifier": 0.27975034713745117,
            "KNeighborsClassifier": 0.5255422592163086,
            "PassiveAggressiveClassifier": 6.250861883163452,
            "LGBMClassifier": 156.29656672477722,
            "LinearSVC": 30.379522562026978,
            "CalibratedClassifierCV": 116.5200583934784,
            "RandomForestClassifier": 10.188646793365479,
            "ExtraTreesClassifier": 2.3027148246765137,
            "BaggingClassifier": 29.9363911151886,
            "AdaBoostClassifier": 27.376929759979248,
            "DecisionTreeClassifier": 4.163650274276733,
            "ExtraTreeClassifier": 0.1383202075958252,
            "QuadraticDiscriminantAnalysis": 1.6611144542694092,
            "DummyClassifier": 0.11419987678527832,
            "LabelPropagation": 1.361541509628296,
            "LabelSpreading": 1.6389408111572266
        }
    }
}