{
    "predictions": {
        "Accuracy": {
            "LGBMClassifier": 0.3958762886597938,
            "BaggingClassifier": 0.3731958762886598,
            "DecisionTreeClassifier": 0.3216494845360825,
            "RandomForestClassifier": 0.38762886597938145,
            "ExtraTreesClassifier": 0.3824742268041237,
            "Perceptron": 0.2639175257731959,
            "LinearSVC": 0.2793814432989691,
            "AdaBoostClassifier": 0.3030927835051546,
            "SGDClassifier": 0.32577319587628867,
            "NearestCentroid": 0.30103092783505153,
            "LogisticRegression": 0.3020618556701031,
            "PassiveAggressiveClassifier": 0.27319587628865977,
            "RidgeClassifierCV": 0.2649484536082474,
            "RidgeClassifier": 0.2649484536082474,
            "ExtraTreeClassifier": 0.24123711340206186,
            "BernoulliNB": 0.3463917525773196,
            "GaussianNB": 0.2134020618556701,
            "LinearDiscriminantAnalysis": 0.22474226804123712,
            "CalibratedClassifierCV": 0.2824742268041237,
            "SVC": 0.27319587628865977,
            "QuadraticDiscriminantAnalysis": 0.1865979381443299,
            "KNeighborsClassifier": 0.20309278350515464,
            "DummyClassifier": 0.211340206185567,
            "LabelSpreading": 0.016494845360824743,
            "LabelPropagation": 0.016494845360824743
        },
        "Balanced Accuracy": {
            "LGBMClassifier": 0.23484815466568365,
            "BaggingClassifier": 0.2140005167891572,
            "DecisionTreeClassifier": 0.2066124522365006,
            "RandomForestClassifier": 0.19714869039573985,
            "ExtraTreesClassifier": 0.19628921761041315,
            "Perceptron": 0.18289205019012328,
            "LinearSVC": 0.18169954386216286,
            "AdaBoostClassifier": 0.1786056464973939,
            "SGDClassifier": 0.17737540304099442,
            "NearestCentroid": 0.17573477766416348,
            "LogisticRegression": 0.1757220717302077,
            "PassiveAggressiveClassifier": 0.16910183831999404,
            "RidgeClassifierCV": 0.15830957958719757,
            "RidgeClassifier": 0.15751171877221348,
            "ExtraTreeClassifier": 0.15668772753949053,
            "BernoulliNB": 0.15648840040877346,
            "GaussianNB": 0.15146676304204668,
            "LinearDiscriminantAnalysis": 0.146694968154955,
            "CalibratedClassifierCV": 0.1262315936096424,
            "SVC": 0.12138986521608473,
            "QuadraticDiscriminantAnalysis": 0.10869701373925497,
            "KNeighborsClassifier": 0.09312638580931264,
            "DummyClassifier": 0.09090909090909091,
            "LabelSpreading": 0.09090909090909091,
            "LabelPropagation": 0.09090909090909091
        },
        "ROC AUC": {
            "LGBMClassifier": null,
            "BaggingClassifier": null,
            "DecisionTreeClassifier": null,
            "RandomForestClassifier": null,
            "ExtraTreesClassifier": null,
            "Perceptron": null,
            "LinearSVC": null,
            "AdaBoostClassifier": null,
            "SGDClassifier": null,
            "NearestCentroid": null,
            "LogisticRegression": null,
            "PassiveAggressiveClassifier": null,
            "RidgeClassifierCV": null,
            "RidgeClassifier": null,
            "ExtraTreeClassifier": null,
            "BernoulliNB": null,
            "GaussianNB": null,
            "LinearDiscriminantAnalysis": null,
            "CalibratedClassifierCV": null,
            "SVC": null,
            "QuadraticDiscriminantAnalysis": null,
            "KNeighborsClassifier": null,
            "DummyClassifier": null,
            "LabelSpreading": null,
            "LabelPropagation": null
        },
        "F1 Score": {
            "LGBMClassifier": 0.3707727807325114,
            "BaggingClassifier": 0.34358077751810107,
            "DecisionTreeClassifier": 0.31515093606990785,
            "RandomForestClassifier": 0.3258829741977223,
            "ExtraTreesClassifier": 0.32026449519832584,
            "Perceptron": 0.2624106126873084,
            "LinearSVC": 0.27569811712202014,
            "AdaBoostClassifier": 0.24929092578411435,
            "SGDClassifier": 0.29562303291542513,
            "NearestCentroid": 0.28260491741182114,
            "LogisticRegression": 0.2867789341745392,
            "PassiveAggressiveClassifier": 0.2696025378249582,
            "RidgeClassifierCV": 0.25829286027923787,
            "RidgeClassifier": 0.2582481223653229,
            "ExtraTreeClassifier": 0.23817498532818826,
            "BernoulliNB": 0.25807876627629156,
            "GaussianNB": 0.21291800517351483,
            "LinearDiscriminantAnalysis": 0.221117808509269,
            "CalibratedClassifierCV": 0.200331116745921,
            "SVC": 0.17891217256295205,
            "QuadraticDiscriminantAnalysis": 0.1792147473649727,
            "KNeighborsClassifier": 0.07613135016620551,
            "DummyClassifier": 0.07374424215836807,
            "LabelSpreading": 0.0005353296668827503,
            "LabelPropagation": 0.0005353296668827503
        },
        "Time Taken": {
            "LGBMClassifier": 12.282349586486816,
            "BaggingClassifier": 22.79659628868103,
            "DecisionTreeClassifier": 5.268590450286865,
            "RandomForestClassifier": 15.871520280838013,
            "ExtraTreesClassifier": 34.89321780204773,
            "Perceptron": 8.904251098632812,
            "LinearSVC": 88.68413162231445,
            "AdaBoostClassifier": 30.950998783111572,
            "SGDClassifier": 39.55752348899841,
            "NearestCentroid": 2.2059977054595947,
            "LogisticRegression": 29.377578020095825,
            "PassiveAggressiveClassifier": 25.954983711242676,
            "RidgeClassifierCV": 19.270094394683838,
            "RidgeClassifier": 7.98643159866333,
            "ExtraTreeClassifier": 2.651966094970703,
            "BernoulliNB": 5.481694459915161,
            "GaussianNB": 3.1290926933288574,
            "LinearDiscriminantAnalysis": 71.34998297691345,
            "CalibratedClassifierCV": 271.9656112194061,
            "SVC": 224.6742124557495,
            "QuadraticDiscriminantAnalysis": 21.407580614089966,
            "KNeighborsClassifier": 4.004807949066162,
            "DummyClassifier": 1.812500238418579,
            "LabelSpreading": 8.666280508041382,
            "LabelPropagation": 7.12636923789978
        }
    }
}