{
    "predictions": {
        "Accuracy": {
            "LGBMClassifier": 0.4176954732510288,
            "RandomForestClassifier": 0.4053497942386831,
            "ExtraTreesClassifier": 0.39711934156378603,
            "DecisionTreeClassifier": 0.3004115226337449,
            "Perceptron": 0.28189300411522633,
            "LogisticRegression": 0.29218106995884774,
            "BaggingClassifier": 0.35802469135802467,
            "LinearSVC": 0.25925925925925924,
            "PassiveAggressiveClassifier": 0.25925925925925924,
            "NearestCentroid": 0.31275720164609055,
            "ExtraTreeClassifier": 0.24279835390946503,
            "RidgeClassifierCV": 0.25102880658436216,
            "SGDClassifier": 0.3168724279835391,
            "RidgeClassifier": 0.24691358024691357,
            "AdaBoostClassifier": 0.3004115226337449,
            "BernoulliNB": 0.3436213991769547,
            "LinearDiscriminantAnalysis": 0.21193415637860083,
            "GaussianNB": 0.20987654320987653,
            "CalibratedClassifierCV": 0.2654320987654321,
            "QuadraticDiscriminantAnalysis": 0.1831275720164609,
            "SVC": 0.24279835390946503,
            "KNeighborsClassifier": 0.19958847736625515,
            "LabelSpreading": 0.01646090534979424,
            "LabelPropagation": 0.01646090534979424,
            "DummyClassifier": 0.20987654320987653
        },
        "Balanced Accuracy": {
            "LGBMClassifier": 0.2472528715048999,
            "RandomForestClassifier": 0.2166111130233848,
            "ExtraTreesClassifier": 0.20906384619619914,
            "DecisionTreeClassifier": 0.2071690688773023,
            "Perceptron": 0.20025587294857072,
            "LogisticRegression": 0.1931686285514886,
            "BaggingClassifier": 0.1926467603825616,
            "LinearSVC": 0.18381471184463072,
            "PassiveAggressiveClassifier": 0.18102707596875953,
            "NearestCentroid": 0.17827938645636415,
            "ExtraTreeClassifier": 0.17691103039733871,
            "RidgeClassifierCV": 0.17325508069676426,
            "SGDClassifier": 0.1728455990372826,
            "RidgeClassifier": 0.17136481410061533,
            "AdaBoostClassifier": 0.16156270200387848,
            "BernoulliNB": 0.15582824038706392,
            "LinearDiscriminantAnalysis": 0.14098395460648827,
            "GaussianNB": 0.1304836583234149,
            "CalibratedClassifierCV": 0.11928941156882335,
            "QuadraticDiscriminantAnalysis": 0.11459436697773412,
            "SVC": 0.10846751287927758,
            "KNeighborsClassifier": 0.0919080919080919,
            "LabelSpreading": 0.09090909090909091,
            "LabelPropagation": 0.09090909090909091,
            "DummyClassifier": 0.09090909090909091
        },
        "ROC AUC": {
            "LGBMClassifier": null,
            "RandomForestClassifier": null,
            "ExtraTreesClassifier": null,
            "DecisionTreeClassifier": null,
            "Perceptron": null,
            "LogisticRegression": null,
            "BaggingClassifier": null,
            "LinearSVC": null,
            "PassiveAggressiveClassifier": null,
            "NearestCentroid": null,
            "ExtraTreeClassifier": null,
            "RidgeClassifierCV": null,
            "SGDClassifier": null,
            "RidgeClassifier": null,
            "AdaBoostClassifier": null,
            "BernoulliNB": null,
            "LinearDiscriminantAnalysis": null,
            "GaussianNB": null,
            "CalibratedClassifierCV": null,
            "QuadraticDiscriminantAnalysis": null,
            "SVC": null,
            "KNeighborsClassifier": null,
            "LabelSpreading": null,
            "LabelPropagation": null,
            "DummyClassifier": null
        },
        "F1 Score": {
            "LGBMClassifier": 0.3896950740773668,
            "RandomForestClassifier": 0.34595929482414,
            "ExtraTreesClassifier": 0.34270866852214527,
            "DecisionTreeClassifier": 0.29619452543616553,
            "Perceptron": 0.2818640406080527,
            "LogisticRegression": 0.27943146382774214,
            "BaggingClassifier": 0.32531678983161655,
            "LinearSVC": 0.2579400432941304,
            "PassiveAggressiveClassifier": 0.25709454065773607,
            "NearestCentroid": 0.2917942322849508,
            "ExtraTreeClassifier": 0.23555693049493073,
            "RidgeClassifierCV": 0.24925739957385454,
            "SGDClassifier": 0.28559302020484534,
            "RidgeClassifier": 0.24526351593670645,
            "AdaBoostClassifier": 0.2346543990809354,
            "BernoulliNB": 0.2559363298423593,
            "LinearDiscriminantAnalysis": 0.21215835659328505,
            "GaussianNB": 0.20881000402430683,
            "CalibratedClassifierCV": 0.19390289528805582,
            "QuadraticDiscriminantAnalysis": 0.1791638972825631,
            "SVC": 0.16681346815027864,
            "KNeighborsClassifier": 0.06957295835546692,
            "LabelSpreading": 0.0005331467319771414,
            "LabelPropagation": 0.0005331467319771414,
            "DummyClassifier": 0.072814310909549
        },
        "Time Taken": {
            "LGBMClassifier": 12.700439453125,
            "RandomForestClassifier": 14.40810489654541,
            "ExtraTreesClassifier": 29.546006441116333,
            "DecisionTreeClassifier": 4.389599561691284,
            "Perceptron": 8.902839183807373,
            "LogisticRegression": 29.47465467453003,
            "BaggingClassifier": 19.678696393966675,
            "LinearSVC": 89.34639239311218,
            "PassiveAggressiveClassifier": 25.82033085823059,
            "NearestCentroid": 2.033905029296875,
            "ExtraTreeClassifier": 1.7134943008422852,
            "RidgeClassifierCV": 19.921653509140015,
            "SGDClassifier": 37.156105279922485,
            "RidgeClassifier": 7.2434282302856445,
            "AdaBoostClassifier": 29.544235944747925,
            "BernoulliNB": 1.8696191310882568,
            "LinearDiscriminantAnalysis": 64.27186679840088,
            "GaussianNB": 2.200310468673706,
            "CalibratedClassifierCV": 277.9190077781677,
            "QuadraticDiscriminantAnalysis": 18.80762553215027,
            "SVC": 207.93984580039978,
            "KNeighborsClassifier": 2.4249868392944336,
            "LabelSpreading": 6.671233177185059,
            "LabelPropagation": 6.59245228767395,
            "DummyClassifier": 1.4252631664276123
        }
    }
}