{
    "predictions": {
        "Accuracy": {
            "AdaBoostClassifier": 0.84175,
            "BaggingClassifier": 0.8255,
            "DecisionTreeClassifier": 0.781,
            "NearestCentroid": 0.7715,
            "ExtraTreesClassifier": 0.83325,
            "RandomForestClassifier": 0.8325,
            "PassiveAggressiveClassifier": 0.7165,
            "LogisticRegression": 0.7455,
            "LinearSVC": 0.69625,
            "Perceptron": 0.74225,
            "ExtraTreeClassifier": 0.746,
            "BernoulliNB": 0.79625,
            "SGDClassifier": 0.77775,
            "RidgeClassifierCV": 0.6025,
            "RidgeClassifier": 0.57,
            "LinearDiscriminantAnalysis": 0.5385,
            "CalibratedClassifierCV": 0.76675,
            "GaussianNB": 0.52025,
            "KNeighborsClassifier": 0.75725,
            "QuadraticDiscriminantAnalysis": 0.24375,
            "DummyClassifier": 0.7575
        },
        "Balanced Accuracy": {
            "AdaBoostClassifier": 0.7006957912286074,
            "BaggingClassifier": 0.6924228505324759,
            "DecisionTreeClassifier": 0.6900343642611684,
            "NearestCentroid": 0.6792079207920791,
            "ExtraTreesClassifier": 0.6649467524071995,
            "RandomForestClassifier": 0.6634003606546222,
            "PassiveAggressiveClassifier": 0.662529345718077,
            "LogisticRegression": 0.6455751760743085,
            "LinearSVC": 0.6432054030145282,
            "Perceptron": 0.637472355482971,
            "ExtraTreeClassifier": 0.6262801537885747,
            "BernoulliNB": 0.6107362798135484,
            "SGDClassifier": 0.5666343438467558,
            "RidgeClassifierCV": 0.5666054234289408,
            "RidgeClassifier": 0.5521622265319316,
            "LinearDiscriminantAnalysis": 0.5222585145112449,
            "CalibratedClassifierCV": 0.5208244020278316,
            "GaussianNB": 0.5200248375352999,
            "KNeighborsClassifier": 0.5015872205777279,
            "QuadraticDiscriminantAnalysis": 0.5008250825082509,
            "DummyClassifier": 0.5
        },
        "ROC AUC": {
            "AdaBoostClassifier": null,
            "BaggingClassifier": null,
            "DecisionTreeClassifier": null,
            "NearestCentroid": null,
            "ExtraTreesClassifier": null,
            "RandomForestClassifier": null,
            "PassiveAggressiveClassifier": null,
            "LogisticRegression": null,
            "LinearSVC": null,
            "Perceptron": null,
            "ExtraTreeClassifier": null,
            "BernoulliNB": null,
            "SGDClassifier": null,
            "RidgeClassifierCV": null,
            "RidgeClassifier": null,
            "LinearDiscriminantAnalysis": null,
            "CalibratedClassifierCV": null,
            "GaussianNB": null,
            "KNeighborsClassifier": null,
            "QuadraticDiscriminantAnalysis": null,
            "DummyClassifier": null
        },
        "F1 Score": {
            "AdaBoostClassifier": 0.8216043919707156,
            "BaggingClassifier": 0.808240139117848,
            "DecisionTreeClassifier": 0.7782375142264176,
            "NearestCentroid": 0.7691501425379672,
            "ExtraTreesClassifier": 0.8020712889352569,
            "RandomForestClassifier": 0.800936082380693,
            "PassiveAggressiveClassifier": 0.7273907792441241,
            "LogisticRegression": 0.743368098129802,
            "LinearSVC": 0.709376508482626,
            "Perceptron": 0.739049223801836,
            "ExtraTreeClassifier": 0.7378511506918602,
            "BernoulliNB": 0.7559305976697109,
            "SGDClassifier": 0.7203636517115226,
            "RidgeClassifierCV": 0.6278732014272113,
            "RidgeClassifier": 0.5999311430476746,
            "LinearDiscriminantAnalysis": 0.5711998230734922,
            "CalibratedClassifierCV": 0.6763197749105815,
            "GaussianNB": 0.5544671846389484,
            "KNeighborsClassifier": 0.6551803303948986,
            "QuadraticDiscriminantAnalysis": 0.09724915429422763,
            "DummyClassifier": 0.6529800853485065
        },
        "Time Taken": {
            "AdaBoostClassifier": 163.62454056739807,
            "BaggingClassifier": 989.1360349655151,
            "DecisionTreeClassifier": 127.47895884513855,
            "NearestCentroid": 229.41923213005066,
            "ExtraTreesClassifier": 401.44161224365234,
            "RandomForestClassifier": 382.4111866950989,
            "PassiveAggressiveClassifier": 186.20440578460693,
            "LogisticRegression": 164.75752639770508,
            "LinearSVC": 537.0878841876984,
            "Perceptron": 166.14666295051575,
            "ExtraTreeClassifier": 10.887789726257324,
            "BernoulliNB": 8.806394815444946,
            "SGDClassifier": 331.83915734291077,
            "RidgeClassifierCV": 639.6134607791901,
            "RidgeClassifier": 306.7124638557434,
            "LinearDiscriminantAnalysis": 1862.6362557411194,
            "CalibratedClassifierCV": 1640.1951823234558,
            "GaussianNB": 13.500996351242065,
            "KNeighborsClassifier": 38.13461208343506,
            "QuadraticDiscriminantAnalysis": 1010.4559891223907,
            "DummyClassifier": 7.092302560806274
        }
    }
}