{
    "predictions": {
        "Accuracy": {
            "DecisionTreeClassifier": 0.7795,
            "AdaBoostClassifier": 0.8315,
            "BaggingClassifier": 0.8115,
            "NearestCentroid": 0.771,
            "ExtraTreesClassifier": 0.83,
            "PassiveAggressiveClassifier": 0.7055,
            "LogisticRegression": 0.746,
            "RandomForestClassifier": 0.8245,
            "LinearSVC": 0.686,
            "Perceptron": 0.736,
            "ExtraTreeClassifier": 0.7515,
            "BernoulliNB": 0.7915,
            "SGDClassifier": 0.7775,
            "RidgeClassifierCV": 0.613,
            "GaussianNB": 0.5395,
            "RidgeClassifier": 0.587,
            "LinearDiscriminantAnalysis": 0.555,
            "CalibratedClassifierCV": 0.7615,
            "KNeighborsClassifier": 0.758,
            "QuadraticDiscriminantAnalysis": 0.245,
            "DummyClassifier": 0.757
        },
        "Balanced Accuracy": {
            "DecisionTreeClassifier": 0.682514637050084,
            "AdaBoostClassifier": 0.6784401824398889,
            "BaggingClassifier": 0.6722156987458616,
            "NearestCentroid": 0.6720104810520193,
            "ExtraTreesClassifier": 0.6550956504721366,
            "PassiveAggressiveClassifier": 0.6490057134780458,
            "LogisticRegression": 0.6471152643910607,
            "RandomForestClassifier": 0.6451758892313714,
            "LinearSVC": 0.6340302580578523,
            "Perceptron": 0.6307304662654729,
            "ExtraTreeClassifier": 0.624202912732195,
            "BernoulliNB": 0.6038197672206185,
            "SGDClassifier": 0.5652334045479502,
            "RidgeClassifierCV": 0.5634598344124251,
            "GaussianNB": 0.5463479404841507,
            "RidgeClassifier": 0.5427940049252247,
            "LinearDiscriminantAnalysis": 0.5321362754211719,
            "CalibratedClassifierCV": 0.5106563704464776,
            "KNeighborsClassifier": 0.5027561687623334,
            "QuadraticDiscriminantAnalysis": 0.5006224483694027,
            "DummyClassifier": 0.5
        },
        "ROC AUC": {
            "DecisionTreeClassifier": null,
            "AdaBoostClassifier": null,
            "BaggingClassifier": null,
            "NearestCentroid": null,
            "ExtraTreesClassifier": null,
            "PassiveAggressiveClassifier": null,
            "LogisticRegression": null,
            "RandomForestClassifier": null,
            "LinearSVC": null,
            "Perceptron": null,
            "ExtraTreeClassifier": null,
            "BernoulliNB": null,
            "SGDClassifier": null,
            "RidgeClassifierCV": null,
            "GaussianNB": null,
            "RidgeClassifier": null,
            "LinearDiscriminantAnalysis": null,
            "CalibratedClassifierCV": null,
            "KNeighborsClassifier": null,
            "QuadraticDiscriminantAnalysis": null,
            "DummyClassifier": null
        },
        "F1 Score": {
            "DecisionTreeClassifier": 0.7752211122313286,
            "AdaBoostClassifier": 0.8067010576204034,
            "BaggingClassifier": 0.7922855824731188,
            "NearestCentroid": 0.7668386840727544,
            "ExtraTreesClassifier": 0.7953670401406018,
            "PassiveAggressiveClassifier": 0.7169626777533267,
            "LogisticRegression": 0.7439750129421915,
            "RandomForestClassifier": 0.7874651910271507,
            "LinearSVC": 0.7002658673231653,
            "Perceptron": 0.7330911423727259,
            "ExtraTreeClassifier": 0.740124040394041,
            "BernoulliNB": 0.749664515203474,
            "SGDClassifier": 0.71877317852195,
            "RidgeClassifierCV": 0.6354686323448538,
            "GaussianNB": 0.5722050447321122,
            "RidgeClassifier": 0.6129133050676357,
            "LinearDiscriminantAnalysis": 0.5858562693853212,
            "CalibratedClassifierCV": 0.6645746093729876,
            "KNeighborsClassifier": 0.655591464620036,
            "QuadraticDiscriminantAnalysis": 0.10002461799660443,
            "DummyClassifier": 0.6523039271485486
        },
        "Time Taken": {
            "DecisionTreeClassifier": 129.17289185523987,
            "AdaBoostClassifier": 211.8587019443512,
            "BaggingClassifier": 1006.7477927207947,
            "NearestCentroid": 117.41276669502258,
            "ExtraTreesClassifier": 401.63887333869934,
            "PassiveAggressiveClassifier": 172.7710587978363,
            "LogisticRegression": 51.68107724189758,
            "RandomForestClassifier": 509.6597592830658,
            "LinearSVC": 444.40491366386414,
            "Perceptron": 217.16572546958923,
            "ExtraTreeClassifier": 12.637949705123901,
            "BernoulliNB": 17.414952278137207,
            "SGDClassifier": 257.99849462509155,
            "RidgeClassifierCV": 571.7121102809906,
            "GaussianNB": 10.499852895736694,
            "RidgeClassifier": 441.71058225631714,
            "LinearDiscriminantAnalysis": 1747.7976512908936,
            "CalibratedClassifierCV": 1653.322618484497,
            "KNeighborsClassifier": 21.897751808166504,
            "QuadraticDiscriminantAnalysis": 1117.5116574764252,
            "DummyClassifier": 9.012977838516235
        }
    }
}