{
    "predictions": {
        "Accuracy": {
            "LGBMClassifier": 0.5617283950617284,
            "LinearSVC": 0.49588477366255146,
            "PassiveAggressiveClassifier": 0.4773662551440329,
            "BaggingClassifier": 0.5308641975308642,
            "RidgeClassifier": 0.49588477366255146,
            "RidgeClassifierCV": 0.49382716049382713,
            "ExtraTreesClassifier": 0.5679012345679012,
            "NearestCentroid": 0.5205761316872428,
            "LogisticRegression": 0.5061728395061729,
            "Perceptron": 0.4691358024691358,
            "DecisionTreeClassifier": 0.4444444444444444,
            "AdaBoostClassifier": 0.5041152263374485,
            "RandomForestClassifier": 0.5329218106995884,
            "ExtraTreeClassifier": 0.43415637860082307,
            "LinearDiscriminantAnalysis": 0.37448559670781895,
            "BernoulliNB": 0.5349794238683128,
            "SGDClassifier": 0.49588477366255146,
            "QuadraticDiscriminantAnalysis": 0.3786008230452675,
            "GaussianNB": 0.345679012345679,
            "CalibratedClassifierCV": 0.4773662551440329,
            "SVC": 0.4773662551440329,
            "LabelSpreading": 0.09053497942386832,
            "LabelPropagation": 0.09053497942386832,
            "DummyClassifier": 0.4670781893004115,
            "KNeighborsClassifier": 0.46502057613168724
        },
        "Balanced Accuracy": {
            "LGBMClassifier": 0.4326196675531596,
            "LinearSVC": 0.42209724773520646,
            "PassiveAggressiveClassifier": 0.4134447739482988,
            "BaggingClassifier": 0.39318524544823047,
            "RidgeClassifier": 0.3885342675681876,
            "RidgeClassifierCV": 0.38703726158016366,
            "ExtraTreesClassifier": 0.3859096234843089,
            "NearestCentroid": 0.3832549908193225,
            "LogisticRegression": 0.3820322910446628,
            "Perceptron": 0.38114870829026776,
            "DecisionTreeClassifier": 0.37718919140093865,
            "AdaBoostClassifier": 0.37434238701211914,
            "RandomForestClassifier": 0.34625098021817796,
            "ExtraTreeClassifier": 0.34157998080730806,
            "LinearDiscriminantAnalysis": 0.3077410332518783,
            "BernoulliNB": 0.3029623572238782,
            "SGDClassifier": 0.2757062966577858,
            "QuadraticDiscriminantAnalysis": 0.27447464152591894,
            "GaussianNB": 0.27274112417935453,
            "CalibratedClassifierCV": 0.2642116647761745,
            "SVC": 0.2582763987443615,
            "LabelSpreading": 0.25,
            "LabelPropagation": 0.25,
            "DummyClassifier": 0.25,
            "KNeighborsClassifier": 0.2492943628162178
        },
        "ROC AUC": {
            "LGBMClassifier": null,
            "LinearSVC": null,
            "PassiveAggressiveClassifier": null,
            "BaggingClassifier": null,
            "RidgeClassifier": null,
            "RidgeClassifierCV": null,
            "ExtraTreesClassifier": null,
            "NearestCentroid": null,
            "LogisticRegression": null,
            "Perceptron": null,
            "DecisionTreeClassifier": null,
            "AdaBoostClassifier": null,
            "RandomForestClassifier": null,
            "ExtraTreeClassifier": null,
            "LinearDiscriminantAnalysis": null,
            "BernoulliNB": null,
            "SGDClassifier": null,
            "QuadraticDiscriminantAnalysis": null,
            "GaussianNB": null,
            "CalibratedClassifierCV": null,
            "SVC": null,
            "LabelSpreading": null,
            "LabelPropagation": null,
            "DummyClassifier": null,
            "KNeighborsClassifier": null
        },
        "F1 Score": {
            "LGBMClassifier": 0.5407837917078269,
            "LinearSVC": 0.49551924813709725,
            "PassiveAggressiveClassifier": 0.4787465663688787,
            "BaggingClassifier": 0.50367874962492,
            "RidgeClassifier": 0.4879717154771033,
            "RidgeClassifierCV": 0.48592071118177826,
            "ExtraTreesClassifier": 0.5148867611785821,
            "NearestCentroid": 0.4973498539116846,
            "LogisticRegression": 0.49182478280727593,
            "Perceptron": 0.4663099904945781,
            "DecisionTreeClassifier": 0.44520634400392867,
            "AdaBoostClassifier": 0.46086228353867664,
            "RandomForestClassifier": 0.4687932851227967,
            "ExtraTreeClassifier": 0.42749667447832373,
            "LinearDiscriminantAnalysis": 0.37796355572100465,
            "BernoulliNB": 0.43886494627078854,
            "SGDClassifier": 0.38648235430855715,
            "QuadraticDiscriminantAnalysis": 0.36961954878969216,
            "GaussianNB": 0.3552833074851063,
            "CalibratedClassifierCV": 0.36531927003843223,
            "SVC": 0.32616228744024695,
            "LabelSpreading": 0.01503222299868002,
            "LabelPropagation": 0.01503222299868002,
            "DummyClassifier": 0.2974102355433195,
            "KNeighborsClassifier": 0.30007807678800963
        },
        "Time Taken": {
            "LGBMClassifier": 6.8876283168792725,
            "LinearSVC": 40.2486777305603,
            "PassiveAggressiveClassifier": 9.326700687408447,
            "BaggingClassifier": 25.6711905002594,
            "RidgeClassifier": 8.003360509872437,
            "RidgeClassifierCV": 20.6827871799469,
            "ExtraTreesClassifier": 41.641329288482666,
            "NearestCentroid": 1.8975393772125244,
            "LogisticRegression": 18.56869864463806,
            "Perceptron": 4.957701921463013,
            "DecisionTreeClassifier": 5.263207912445068,
            "AdaBoostClassifier": 38.33732748031616,
            "RandomForestClassifier": 17.63806915283203,
            "ExtraTreeClassifier": 2.479339599609375,
            "LinearDiscriminantAnalysis": 73.80613207817078,
            "BernoulliNB": 1.9336278438568115,
            "SGDClassifier": 14.041934251785278,
            "QuadraticDiscriminantAnalysis": 31.28242015838623,
            "GaussianNB": 2.125415086746216,
            "CalibratedClassifierCV": 130.7133913040161,
            "SVC": 168.85707449913025,
            "LabelSpreading": 6.721847057342529,
            "LabelPropagation": 8.503997325897217,
            "DummyClassifier": 1.8649749755859375,
            "KNeighborsClassifier": 2.6175730228424072
        }
    }
}