{
    "predictions": {
        "Accuracy": {
            "PassiveAggressiveClassifier": 0.43402061855670104,
            "LGBMClassifier": 0.5,
            "LinearSVC": 0.4298969072164949,
            "BaggingClassifier": 0.49587628865979383,
            "NearestCentroid": 0.47835051546391755,
            "AdaBoostClassifier": 0.4639175257731959,
            "LogisticRegression": 0.45670103092783504,
            "Perceptron": 0.4247422680412371,
            "RidgeClassifier": 0.4381443298969072,
            "ExtraTreesClassifier": 0.5329896907216495,
            "RidgeClassifierCV": 0.43608247422680413,
            "DecisionTreeClassifier": 0.41855670103092785,
            "RandomForestClassifier": 0.5164948453608248,
            "LinearDiscriminantAnalysis": 0.4216494845360825,
            "ExtraTreeClassifier": 0.4247422680412371,
            "GaussianNB": 0.3628865979381443,
            "SGDClassifier": 0.4731958762886598,
            "BernoulliNB": 0.465979381443299,
            "CalibratedClassifierCV": 0.46804123711340206,
            "QuadraticDiscriminantAnalysis": 0.36391752577319586,
            "SVC": 0.465979381443299,
            "DummyClassifier": 0.46804123711340206,
            "LabelSpreading": 0.09175257731958762,
            "LabelPropagation": 0.09175257731958762,
            "KNeighborsClassifier": 0.465979381443299
        },
        "Balanced Accuracy": {
            "PassiveAggressiveClassifier": 0.3923614557339168,
            "LGBMClassifier": 0.3830162933187447,
            "LinearSVC": 0.3744492553985772,
            "BaggingClassifier": 0.36732507083958466,
            "NearestCentroid": 0.3632860785119087,
            "AdaBoostClassifier": 0.3631947604853988,
            "LogisticRegression": 0.3626550619986133,
            "Perceptron": 0.3585047633240392,
            "RidgeClassifier": 0.35385163161162303,
            "ExtraTreesClassifier": 0.35191876039756753,
            "RidgeClassifierCV": 0.3502918920968273,
            "DecisionTreeClassifier": 0.3384748533773168,
            "RandomForestClassifier": 0.33593302388146423,
            "LinearDiscriminantAnalysis": 0.3334439277035489,
            "ExtraTreeClassifier": 0.3182912145796582,
            "GaussianNB": 0.3032101766741714,
            "SGDClassifier": 0.2704478224697994,
            "BernoulliNB": 0.2617044357132463,
            "CalibratedClassifierCV": 0.2582036882697676,
            "QuadraticDiscriminantAnalysis": 0.25093090852402455,
            "SVC": 0.2502993081186914,
            "DummyClassifier": 0.25,
            "LabelSpreading": 0.25,
            "LabelPropagation": 0.25,
            "KNeighborsClassifier": 0.24949894828749455
        },
        "ROC AUC": {
            "PassiveAggressiveClassifier": null,
            "LGBMClassifier": null,
            "LinearSVC": null,
            "BaggingClassifier": null,
            "NearestCentroid": null,
            "AdaBoostClassifier": null,
            "LogisticRegression": null,
            "Perceptron": null,
            "RidgeClassifier": null,
            "ExtraTreesClassifier": null,
            "RidgeClassifierCV": null,
            "DecisionTreeClassifier": null,
            "RandomForestClassifier": null,
            "LinearDiscriminantAnalysis": null,
            "ExtraTreeClassifier": null,
            "GaussianNB": null,
            "SGDClassifier": null,
            "BernoulliNB": null,
            "CalibratedClassifierCV": null,
            "QuadraticDiscriminantAnalysis": null,
            "SVC": null,
            "DummyClassifier": null,
            "LabelSpreading": null,
            "LabelPropagation": null,
            "KNeighborsClassifier": null
        },
        "F1 Score": {
            "PassiveAggressiveClassifier": 0.436695329296887,
            "LGBMClassifier": 0.48374007571934907,
            "LinearSVC": 0.4304797453783635,
            "BaggingClassifier": 0.4681409219919042,
            "NearestCentroid": 0.46176304583578065,
            "AdaBoostClassifier": 0.42532773030962995,
            "LogisticRegression": 0.44703611605063986,
            "Perceptron": 0.4240604940235269,
            "RidgeClassifier": 0.4329300021257416,
            "ExtraTreesClassifier": 0.478583458205358,
            "RidgeClassifierCV": 0.43067746289005154,
            "DecisionTreeClassifier": 0.41776013166279585,
            "RandomForestClassifier": 0.4615146319200952,
            "LinearDiscriminantAnalysis": 0.4222262182497657,
            "ExtraTreeClassifier": 0.41782899520423783,
            "GaussianNB": 0.3708861399885151,
            "SGDClassifier": 0.35738990353085365,
            "BernoulliNB": 0.3764281774352726,
            "CalibratedClassifierCV": 0.35693837126369704,
            "QuadraticDiscriminantAnalysis": 0.3537087080740031,
            "SVC": 0.31013557401434827,
            "DummyClassifier": 0.2984420247886019,
            "LabelSpreading": 0.015422057377607741,
            "LabelPropagation": 0.015422057377607741,
            "KNeighborsClassifier": 0.30330081323128416
        },
        "Time Taken": {
            "PassiveAggressiveClassifier": 10.437345027923584,
            "LGBMClassifier": 8.140901565551758,
            "LinearSVC": 41.700443744659424,
            "BaggingClassifier": 26.224901914596558,
            "NearestCentroid": 2.208791971206665,
            "AdaBoostClassifier": 34.212218046188354,
            "LogisticRegression": 19.7835853099823,
            "Perceptron": 4.959821462631226,
            "RidgeClassifier": 6.9076433181762695,
            "ExtraTreesClassifier": 43.43096446990967,
            "RidgeClassifierCV": 22.652886867523193,
            "DecisionTreeClassifier": 5.263797760009766,
            "RandomForestClassifier": 17.983665466308594,
            "LinearDiscriminantAnalysis": 74.28589582443237,
            "ExtraTreeClassifier": 2.772944450378418,
            "GaussianNB": 2.6992738246917725,
            "SGDClassifier": 14.598388910293579,
            "BernoulliNB": 2.350499391555786,
            "CalibratedClassifierCV": 128.9818184375763,
            "QuadraticDiscriminantAnalysis": 35.492918252944946,
            "SVC": 203.82503509521484,
            "DummyClassifier": 1.830808401107788,
            "LabelSpreading": 9.0320463180542,
            "LabelPropagation": 10.190163850784302,
            "KNeighborsClassifier": 4.056551694869995
        }
    }
}