{
    "predictions": {
        "Accuracy": {
            "SGDClassifier": 0.5195876288659794,
            "Perceptron": 0.5,
            "LogisticRegression": 0.4948453608247423,
            "LinearDiscriminantAnalysis": 0.51340206185567,
            "PassiveAggressiveClassifier": 0.4948453608247423,
            "LinearSVC": 0.488659793814433,
            "RidgeClassifierCV": 0.5288659793814433,
            "RidgeClassifier": 0.5257731958762887,
            "NearestCentroid": 0.30412371134020616,
            "AdaBoostClassifier": 0.4793814432989691,
            "GaussianNB": 0.3371134020618557,
            "CalibratedClassifierCV": 0.5185567010309279,
            "SVC": 0.5103092783505154,
            "LGBMClassifier": 0.5010309278350515,
            "BernoulliNB": 0.25773195876288657,
            "DecisionTreeClassifier": 0.40103092783505156,
            "BaggingClassifier": 0.4690721649484536,
            "ExtraTreeClassifier": 0.3979381443298969,
            "RandomForestClassifier": 0.488659793814433,
            "KNeighborsClassifier": 0.42577319587628865,
            "ExtraTreesClassifier": 0.47835051546391755,
            "LabelPropagation": 0.09175257731958762,
            "LabelSpreading": 0.09175257731958762,
            "DummyClassifier": 0.46804123711340206,
            "QuadraticDiscriminantAnalysis": 0.46804123711340206
        },
        "Balanced Accuracy": {
            "SGDClassifier": 0.47554545304523976,
            "Perceptron": 0.4611598491369086,
            "LogisticRegression": 0.4605727972825866,
            "LinearDiscriminantAnalysis": 0.454775134392181,
            "PassiveAggressiveClassifier": 0.4493358831728634,
            "LinearSVC": 0.445418322994831,
            "RidgeClassifierCV": 0.437781370536249,
            "RidgeClassifier": 0.4365295680729928,
            "NearestCentroid": 0.3567248647080639,
            "AdaBoostClassifier": 0.35054824995530554,
            "GaussianNB": 0.34491329449130115,
            "CalibratedClassifierCV": 0.3428662180269536,
            "SVC": 0.3408686739503945,
            "LGBMClassifier": 0.33464152308480777,
            "BernoulliNB": 0.33361912535942406,
            "DecisionTreeClassifier": 0.3321282948110542,
            "BaggingClassifier": 0.30447858902765007,
            "ExtraTreeClassifier": 0.299756206612651,
            "RandomForestClassifier": 0.2938291580696174,
            "KNeighborsClassifier": 0.2877415779578509,
            "ExtraTreesClassifier": 0.27503001070664285,
            "LabelPropagation": 0.25,
            "LabelSpreading": 0.25,
            "DummyClassifier": 0.25,
            "QuadraticDiscriminantAnalysis": 0.25
        },
        "ROC AUC": {
            "SGDClassifier": null,
            "Perceptron": null,
            "LogisticRegression": null,
            "LinearDiscriminantAnalysis": null,
            "PassiveAggressiveClassifier": null,
            "LinearSVC": null,
            "RidgeClassifierCV": null,
            "RidgeClassifier": null,
            "NearestCentroid": null,
            "AdaBoostClassifier": null,
            "GaussianNB": null,
            "CalibratedClassifierCV": null,
            "SVC": null,
            "LGBMClassifier": null,
            "BernoulliNB": null,
            "DecisionTreeClassifier": null,
            "BaggingClassifier": null,
            "ExtraTreeClassifier": null,
            "RandomForestClassifier": null,
            "KNeighborsClassifier": null,
            "ExtraTreesClassifier": null,
            "LabelPropagation": null,
            "LabelSpreading": null,
            "DummyClassifier": null,
            "QuadraticDiscriminantAnalysis": null
        },
        "F1 Score": {
            "SGDClassifier": 0.5166710286761255,
            "Perceptron": 0.4996900061683559,
            "LogisticRegression": 0.49469297357886943,
            "LinearDiscriminantAnalysis": 0.5106168685672335,
            "PassiveAggressiveClassifier": 0.49165673199907944,
            "LinearSVC": 0.4915590670682491,
            "RidgeClassifierCV": 0.5194148067876949,
            "RidgeClassifier": 0.5171854829995008,
            "NearestCentroid": 0.31994854891936664,
            "AdaBoostClassifier": 0.45322188669130226,
            "GaussianNB": 0.3530924169239833,
            "CalibratedClassifierCV": 0.4576764990075892,
            "SVC": 0.45162853919828433,
            "LGBMClassifier": 0.4583090263631476,
            "BernoulliNB": 0.27207647753845626,
            "DecisionTreeClassifier": 0.40437244627942565,
            "BaggingClassifier": 0.42629731947146915,
            "ExtraTreeClassifier": 0.39693923789239655,
            "RandomForestClassifier": 0.41640953948545617,
            "KNeighborsClassifier": 0.3917706192880298,
            "ExtraTreesClassifier": 0.3955741166050444,
            "LabelPropagation": 0.015422057377607741,
            "LabelSpreading": 0.015422057377607741,
            "DummyClassifier": 0.2984420247886019,
            "QuadraticDiscriminantAnalysis": 0.2984420247886019
        },
        "Time Taken": {
            "SGDClassifier": 5.866102933883667,
            "Perceptron": 0.9854199886322021,
            "LogisticRegression": 1.5137393474578857,
            "LinearDiscriminantAnalysis": 1.2970685958862305,
            "PassiveAggressiveClassifier": 1.4644966125488281,
            "LinearSVC": 24.11133050918579,
            "RidgeClassifierCV": 1.1337780952453613,
            "RidgeClassifier": 0.26155877113342285,
            "NearestCentroid": 0.1539926528930664,
            "AdaBoostClassifier": 19.760541200637817,
            "GaussianNB": 0.14557313919067383,
            "CalibratedClassifierCV": 82.41223955154419,
            "SVC": 8.13196086883545,
            "LGBMClassifier": 50.96266269683838,
            "BernoulliNB": 0.23035860061645508,
            "DecisionTreeClassifier": 5.023495674133301,
            "BaggingClassifier": 29.211984872817993,
            "ExtraTreeClassifier": 0.13441038131713867,
            "RandomForestClassifier": 10.762104511260986,
            "KNeighborsClassifier": 0.342846155166626,
            "ExtraTreesClassifier": 2.4205501079559326,
            "LabelPropagation": 0.8970654010772705,
            "LabelSpreading": 1.003396987915039,
            "DummyClassifier": 0.10510683059692383,
            "QuadraticDiscriminantAnalysis": 1.4507417678833008
        }
    }
}