{
    "predictions": {
        "Accuracy": {
            "LinearSVC": 0.7535,
            "LinearDiscriminantAnalysis": 0.7905,
            "LogisticRegression": 0.787,
            "Perceptron": 0.721,
            "PassiveAggressiveClassifier": 0.7245,
            "RidgeClassifier": 0.7975,
            "RidgeClassifierCV": 0.7975,
            "CalibratedClassifierCV": 0.7945,
            "SGDClassifier": 0.7375,
            "AdaBoostClassifier": 0.764,
            "GaussianNB": 0.5775,
            "NearestCentroid": 0.5765,
            "BernoulliNB": 0.5775,
            "LGBMClassifier": 0.7705,
            "SVC": 0.779,
            "KNeighborsClassifier": 0.738,
            "DecisionTreeClassifier": 0.666,
            "QuadraticDiscriminantAnalysis": 0.766,
            "BaggingClassifier": 0.753,
            "ExtraTreeClassifier": 0.64,
            "RandomForestClassifier": 0.761,
            "ExtraTreesClassifier": 0.7575,
            "LabelPropagation": 0.757,
            "LabelSpreading": 0.757,
            "DummyClassifier": 0.757
        },
        "Balanced Accuracy": {
            "LinearSVC": 0.6485762512843094,
            "LinearDiscriminantAnalysis": 0.6450726008556626,
            "LogisticRegression": 0.6448565107012193,
            "Perceptron": 0.6445738267255954,
            "PassiveAggressiveClassifier": 0.6371058053503379,
            "RidgeClassifier": 0.6329307804795843,
            "RidgeClassifierCV": 0.6308351136987567,
            "CalibratedClassifierCV": 0.6204709406309289,
            "SGDClassifier": 0.6170515517719393,
            "AdaBoostClassifier": 0.5821631847611592,
            "GaussianNB": 0.5777340161238591,
            "NearestCentroid": 0.5756764029551348,
            "BernoulliNB": 0.5693513490005491,
            "LGBMClassifier": 0.5641026686454546,
            "SVC": 0.5620328239585541,
            "KNeighborsClassifier": 0.5601002440867405,
            "DecisionTreeClassifier": 0.5551559926284717,
            "QuadraticDiscriminantAnalysis": 0.5422694087012302,
            "BaggingClassifier": 0.5357785497224805,
            "ExtraTreeClassifier": 0.5149306065202146,
            "RandomForestClassifier": 0.5089290082685063,
            "ExtraTreesClassifier": 0.5010288065843621,
            "LabelPropagation": 0.5,
            "LabelSpreading": 0.5,
            "DummyClassifier": 0.5
        },
        "ROC AUC": {
            "LinearSVC": null,
            "LinearDiscriminantAnalysis": null,
            "LogisticRegression": null,
            "Perceptron": null,
            "PassiveAggressiveClassifier": null,
            "RidgeClassifier": null,
            "RidgeClassifierCV": null,
            "CalibratedClassifierCV": null,
            "SGDClassifier": null,
            "AdaBoostClassifier": null,
            "GaussianNB": null,
            "NearestCentroid": null,
            "BernoulliNB": null,
            "LGBMClassifier": null,
            "SVC": null,
            "KNeighborsClassifier": null,
            "DecisionTreeClassifier": null,
            "QuadraticDiscriminantAnalysis": null,
            "BaggingClassifier": null,
            "ExtraTreeClassifier": null,
            "RandomForestClassifier": null,
            "ExtraTreesClassifier": null,
            "LabelPropagation": null,
            "LabelSpreading": null,
            "DummyClassifier": null
        },
        "F1 Score": {
            "LinearSVC": 0.7491213887057789,
            "LinearDiscriminantAnalysis": 0.7697121514292289,
            "LogisticRegression": 0.7676874809625344,
            "Perceptron": 0.7269164241164241,
            "PassiveAggressiveClassifier": 0.727505354695637,
            "RidgeClassifier": 0.7680332050611167,
            "RidgeClassifierCV": 0.7670180313928219,
            "CalibratedClassifierCV": 0.7603457013574659,
            "SGDClassifier": 0.7296982529583519,
            "AdaBoostClassifier": 0.7266545535058953,
            "GaussianNB": 0.6073726705571915,
            "NearestCentroid": 0.6064257187720705,
            "BernoulliNB": 0.6071024595565289,
            "LGBMClassifier": 0.7165183616624451,
            "SVC": 0.7163991473854299,
            "KNeighborsClassifier": 0.7046697433633645,
            "DecisionTreeClassifier": 0.6689043323155305,
            "QuadraticDiscriminantAnalysis": 0.697834093561048,
            "BaggingClassifier": 0.691137770185415,
            "ExtraTreeClassifier": 0.6414789415798667,
            "RandomForestClassifier": 0.6625519958756814,
            "ExtraTreesClassifier": 0.6534875566318357,
            "LabelPropagation": 0.6523039271485486,
            "LabelSpreading": 0.6523039271485486,
            "DummyClassifier": 0.6523039271485486
        },
        "Time Taken": {
            "LinearSVC": 27.865593910217285,
            "LinearDiscriminantAnalysis": 2.7320241928100586,
            "LogisticRegression": 1.4376513957977295,
            "Perceptron": 0.4852335453033447,
            "PassiveAggressiveClassifier": 0.6532957553863525,
            "RidgeClassifier": 0.4800267219543457,
            "RidgeClassifierCV": 1.7888984680175781,
            "CalibratedClassifierCV": 37.167086601257324,
            "SGDClassifier": 3.2187557220458984,
            "AdaBoostClassifier": 88.99585390090942,
            "GaussianNB": 0.2941248416900635,
            "NearestCentroid": 0.2773158550262451,
            "BernoulliNB": 0.5099349021911621,
            "LGBMClassifier": 7.403724670410156,
            "SVC": 66.928462266922,
            "KNeighborsClassifier": 1.2620623111724854,
            "DecisionTreeClassifier": 27.520033359527588,
            "QuadraticDiscriminantAnalysis": 2.0418245792388916,
            "BaggingClassifier": 233.4727234840393,
            "ExtraTreeClassifier": 0.3023338317871094,
            "RandomForestClassifier": 55.651413917541504,
            "ExtraTreesClassifier": 8.037804126739502,
            "LabelPropagation": 7.182729244232178,
            "LabelSpreading": 60.72800540924072,
            "DummyClassifier": 0.22143959999084473
        }
    }
}