{
    "predictions": {
        "Accuracy": {
            "LogisticRegression": 0.7965,
            "LinearDiscriminantAnalysis": 0.79575,
            "SGDClassifier": 0.7515,
            "RidgeClassifier": 0.79725,
            "CalibratedClassifierCV": 0.8005,
            "RidgeClassifierCV": 0.7965,
            "LinearSVC": 0.7335,
            "PassiveAggressiveClassifier": 0.71475,
            "Perceptron": 0.7105,
            "GaussianNB": 0.587,
            "SVC": 0.78875,
            "AdaBoostClassifier": 0.7595,
            "LGBMClassifier": 0.772,
            "BernoulliNB": 0.5845,
            "NearestCentroid": 0.577,
            "KNeighborsClassifier": 0.721,
            "QuadraticDiscriminantAnalysis": 0.7615,
            "DecisionTreeClassifier": 0.65525,
            "ExtraTreeClassifier": 0.6605,
            "BaggingClassifier": 0.7415,
            "RandomForestClassifier": 0.7605,
            "ExtraTreesClassifier": 0.75875,
            "LabelSpreading": 0.7575,
            "LabelPropagation": 0.7575,
            "DummyClassifier": 0.7575
        },
        "Balanced Accuracy": {
            "LogisticRegression": 0.669426014766425,
            "LinearDiscriminantAnalysis": 0.6629733591915893,
            "SGDClassifier": 0.6435779660440271,
            "RidgeClassifier": 0.6432870606648293,
            "CalibratedClassifierCV": 0.642278248443401,
            "RidgeClassifierCV": 0.641740668912252,
            "LinearSVC": 0.6394066210744785,
            "PassiveAggressiveClassifier": 0.6392960430063626,
            "Perceptron": 0.6385934469735634,
            "GaussianNB": 0.5858119832601817,
            "SVC": 0.5854598346432581,
            "AdaBoostClassifier": 0.5770167738423327,
            "LGBMClassifier": 0.5733523867850703,
            "BernoulliNB": 0.5732979483515361,
            "NearestCentroid": 0.5729032697084142,
            "KNeighborsClassifier": 0.5488006532612024,
            "QuadraticDiscriminantAnalysis": 0.5418903746044708,
            "DecisionTreeClassifier": 0.5418478445782723,
            "ExtraTreeClassifier": 0.5390051376271647,
            "BaggingClassifier": 0.5297403967200843,
            "RandomForestClassifier": 0.5093395937531897,
            "ExtraTreesClassifier": 0.5029277670035045,
            "LabelSpreading": 0.5,
            "LabelPropagation": 0.5,
            "DummyClassifier": 0.5
        },
        "ROC AUC": {
            "LogisticRegression": null,
            "LinearDiscriminantAnalysis": null,
            "SGDClassifier": null,
            "RidgeClassifier": null,
            "CalibratedClassifierCV": null,
            "RidgeClassifierCV": null,
            "LinearSVC": null,
            "PassiveAggressiveClassifier": null,
            "Perceptron": null,
            "GaussianNB": null,
            "SVC": null,
            "AdaBoostClassifier": null,
            "LGBMClassifier": null,
            "BernoulliNB": null,
            "NearestCentroid": null,
            "KNeighborsClassifier": null,
            "QuadraticDiscriminantAnalysis": null,
            "DecisionTreeClassifier": null,
            "ExtraTreeClassifier": null,
            "BaggingClassifier": null,
            "RandomForestClassifier": null,
            "ExtraTreesClassifier": null,
            "LabelSpreading": null,
            "LabelPropagation": null,
            "DummyClassifier": null
        },
        "F1 Score": {
            "LogisticRegression": 0.7823361312449746,
            "LinearDiscriminantAnalysis": 0.779660219217309,
            "SGDClassifier": 0.7465582396344508,
            "RidgeClassifier": 0.7728183802908977,
            "CalibratedClassifierCV": 0.7740974288142797,
            "RidgeClassifierCV": 0.771750214758432,
            "LinearSVC": 0.7340547749154306,
            "PassiveAggressiveClassifier": 0.721634824593526,
            "Perceptron": 0.718580419284754,
            "GaussianNB": 0.6161890028911925,
            "SVC": 0.7370091220345047,
            "AdaBoostClassifier": 0.7223395647884994,
            "LGBMClassifier": 0.7239347007584306,
            "BernoulliNB": 0.6134927227126739,
            "NearestCentroid": 0.6069186272491138,
            "KNeighborsClassifier": 0.6926481929111544,
            "QuadraticDiscriminantAnalysis": 0.6976819751736991,
            "DecisionTreeClassifier": 0.6588608370585693,
            "ExtraTreeClassifier": 0.660855145417858,
            "BaggingClassifier": 0.6853468422081243,
            "RandomForestClassifier": 0.6640157142857143,
            "ExtraTreesClassifier": 0.6563937128058984,
            "LabelSpreading": 0.6529800853485065,
            "LabelPropagation": 0.6529800853485065,
            "DummyClassifier": 0.6529800853485065
        },
        "Time Taken": {
            "LogisticRegression": 1.4717371463775635,
            "LinearDiscriminantAnalysis": 1.9285237789154053,
            "SGDClassifier": 3.235391139984131,
            "RidgeClassifier": 0.449321985244751,
            "CalibratedClassifierCV": 33.72781300544739,
            "RidgeClassifierCV": 3.245166540145874,
            "LinearSVC": 28.92035484313965,
            "PassiveAggressiveClassifier": 0.7608015537261963,
            "Perceptron": 0.5933783054351807,
            "GaussianNB": 0.34893131256103516,
            "SVC": 76.75808358192444,
            "AdaBoostClassifier": 88.9039900302887,
            "LGBMClassifier": 6.58715558052063,
            "BernoulliNB": 0.5857677459716797,
            "NearestCentroid": 0.4139895439147949,
            "KNeighborsClassifier": 1.4901559352874756,
            "QuadraticDiscriminantAnalysis": 2.5036075115203857,
            "DecisionTreeClassifier": 27.487061500549316,
            "ExtraTreeClassifier": 0.3484506607055664,
            "BaggingClassifier": 236.83952927589417,
            "RandomForestClassifier": 55.79971146583557,
            "ExtraTreesClassifier": 8.164688110351562,
            "LabelSpreading": 26.305811405181885,
            "LabelPropagation": 18.12758207321167,
            "DummyClassifier": 0.2564854621887207
        }
    }
}