{
    "predictions": {
        "Accuracy": {
            "PassiveAggressiveClassifier": 0.3309278350515464,
            "LogisticRegression": 0.334020618556701,
            "LinearDiscriminantAnalysis": 0.34329896907216495,
            "SGDClassifier": 0.3391752577319588,
            "Perceptron": 0.2979381443298969,
            "LinearSVC": 0.30515463917525776,
            "RidgeClassifierCV": 0.3556701030927835,
            "RidgeClassifier": 0.34536082474226804,
            "CalibratedClassifierCV": 0.3319587628865979,
            "SVC": 0.3556701030927835,
            "LGBMClassifier": 0.3247422680412371,
            "NearestCentroid": 0.15257731958762888,
            "ExtraTreesClassifier": 0.30103092783505153,
            "GaussianNB": 0.14329896907216494,
            "AdaBoostClassifier": 0.2422680412371134,
            "RandomForestClassifier": 0.2793814432989691,
            "BaggingClassifier": 0.25773195876288657,
            "KNeighborsClassifier": 0.2309278350515464,
            "BernoulliNB": 0.14948453608247422,
            "DecisionTreeClassifier": 0.17835051546391753,
            "ExtraTreeClassifier": 0.16082474226804125,
            "QuadraticDiscriminantAnalysis": 0.10721649484536082,
            "LabelSpreading": 0.016494845360824743,
            "LabelPropagation": 0.016494845360824743,
            "DummyClassifier": 0.211340206185567
        },
        "Balanced Accuracy": {
            "PassiveAggressiveClassifier": 0.2581898913807849,
            "LogisticRegression": 0.24960871504572804,
            "LinearDiscriminantAnalysis": 0.24482384381643965,
            "SGDClassifier": 0.24313124993717172,
            "Perceptron": 0.23592967456047037,
            "LinearSVC": 0.2347495503177324,
            "RidgeClassifierCV": 0.2195946410921736,
            "RidgeClassifier": 0.21528914937733462,
            "CalibratedClassifierCV": 0.19147816965648035,
            "SVC": 0.18630462202135567,
            "LGBMClassifier": 0.17256521586009044,
            "NearestCentroid": 0.16295673958077214,
            "ExtraTreesClassifier": 0.14766722164486065,
            "GaussianNB": 0.146307293559483,
            "AdaBoostClassifier": 0.14424028210772552,
            "RandomForestClassifier": 0.13955354994562902,
            "BaggingClassifier": 0.13507455617468958,
            "KNeighborsClassifier": 0.13382526691911384,
            "BernoulliNB": 0.12998349942594653,
            "DecisionTreeClassifier": 0.1198895404026843,
            "ExtraTreeClassifier": 0.10307522743384114,
            "QuadraticDiscriminantAnalysis": 0.10181310151485982,
            "LabelSpreading": 0.09090909090909091,
            "LabelPropagation": 0.09090909090909091,
            "DummyClassifier": 0.09090909090909091
        },
        "ROC AUC": {
            "PassiveAggressiveClassifier": null,
            "LogisticRegression": null,
            "LinearDiscriminantAnalysis": null,
            "SGDClassifier": null,
            "Perceptron": null,
            "LinearSVC": null,
            "RidgeClassifierCV": null,
            "RidgeClassifier": null,
            "CalibratedClassifierCV": null,
            "SVC": null,
            "LGBMClassifier": null,
            "NearestCentroid": null,
            "ExtraTreesClassifier": null,
            "GaussianNB": null,
            "AdaBoostClassifier": null,
            "RandomForestClassifier": null,
            "BaggingClassifier": null,
            "KNeighborsClassifier": null,
            "BernoulliNB": null,
            "DecisionTreeClassifier": null,
            "ExtraTreeClassifier": null,
            "QuadraticDiscriminantAnalysis": null,
            "LabelSpreading": null,
            "LabelPropagation": null,
            "DummyClassifier": null
        },
        "F1 Score": {
            "PassiveAggressiveClassifier": 0.3307910836858235,
            "LogisticRegression": 0.3308301123796927,
            "LinearDiscriminantAnalysis": 0.3375942552839444,
            "SGDClassifier": 0.33477626495051965,
            "Perceptron": 0.29625991649883965,
            "LinearSVC": 0.3037813966851162,
            "RidgeClassifierCV": 0.3361441049793113,
            "RidgeClassifier": 0.32643279175033896,
            "CalibratedClassifierCV": 0.30099218095349156,
            "SVC": 0.3096557939852201,
            "LGBMClassifier": 0.2907672360353118,
            "NearestCentroid": 0.15537875741940263,
            "ExtraTreesClassifier": 0.2510000699368901,
            "GaussianNB": 0.14629072246734193,
            "AdaBoostClassifier": 0.2081376538409589,
            "RandomForestClassifier": 0.23423495357366633,
            "BaggingClassifier": 0.22997175247094295,
            "KNeighborsClassifier": 0.20901933952174265,
            "BernoulliNB": 0.14061663570062094,
            "DecisionTreeClassifier": 0.1807847894046028,
            "ExtraTreeClassifier": 0.16266653628218136,
            "QuadraticDiscriminantAnalysis": 0.11470730894712429,
            "LabelSpreading": 0.0005353296668827503,
            "LabelPropagation": 0.0005353296668827503,
            "DummyClassifier": 0.07374424215836807
        },
        "Time Taken": {
            "PassiveAggressiveClassifier": 3.971496343612671,
            "LogisticRegression": 1.471776008605957,
            "LinearDiscriminantAnalysis": 1.2283856868743896,
            "SGDClassifier": 8.418697595596313,
            "Perceptron": 1.4599523544311523,
            "LinearSVC": 26.85633111000061,
            "RidgeClassifierCV": 1.0397722721099854,
            "RidgeClassifier": 0.19558000564575195,
            "CalibratedClassifierCV": 97.06696605682373,
            "SVC": 8.034933805465698,
            "LGBMClassifier": 113.28574895858765,
            "NearestCentroid": 0.15957164764404297,
            "ExtraTreesClassifier": 1.935537576675415,
            "GaussianNB": 0.12908601760864258,
            "AdaBoostClassifier": 18.41880440711975,
            "RandomForestClassifier": 8.959948062896729,
            "BaggingClassifier": 22.98436164855957,
            "KNeighborsClassifier": 0.30980348587036133,
            "BernoulliNB": 0.184035062789917,
            "DecisionTreeClassifier": 3.653614044189453,
            "ExtraTreeClassifier": 0.10499787330627441,
            "QuadraticDiscriminantAnalysis": 1.1829931735992432,
            "LabelSpreading": 0.9026541709899902,
            "LabelPropagation": 0.7616856098175049,
            "DummyClassifier": 0.08544087409973145
        }
    }
}