{
    "predictions": {
        "Accuracy": {
            "LogisticRegression": 0.3765432098765432,
            "LinearDiscriminantAnalysis": 0.36419753086419754,
            "SGDClassifier": 0.3477366255144033,
            "PassiveAggressiveClassifier": 0.3374485596707819,
            "LinearSVC": 0.31275720164609055,
            "RidgeClassifierCV": 0.3724279835390947,
            "NearestCentroid": 0.18106995884773663,
            "RidgeClassifier": 0.35185185185185186,
            "GaussianNB": 0.18106995884773663,
            "Perceptron": 0.29012345679012347,
            "BernoulliNB": 0.19547325102880658,
            "CalibratedClassifierCV": 0.3436213991769547,
            "SVC": 0.3477366255144033,
            "KNeighborsClassifier": 0.2757201646090535,
            "LGBMClassifier": 0.3004115226337449,
            "RandomForestClassifier": 0.2962962962962963,
            "DecisionTreeClassifier": 0.19958847736625515,
            "BaggingClassifier": 0.2674897119341564,
            "ExtraTreesClassifier": 0.28189300411522633,
            "ExtraTreeClassifier": 0.19547325102880658,
            "AdaBoostClassifier": 0.23251028806584362,
            "LabelSpreading": 0.01646090534979424,
            "LabelPropagation": 0.01646090534979424,
            "DummyClassifier": 0.20987654320987653,
            "QuadraticDiscriminantAnalysis": 0.09465020576131687
        },
        "Balanced Accuracy": {
            "LogisticRegression": 0.2829776235398124,
            "LinearDiscriminantAnalysis": 0.2773145092433309,
            "SGDClassifier": 0.2570247513971007,
            "PassiveAggressiveClassifier": 0.25628498659800525,
            "LinearSVC": 0.24618366321644028,
            "RidgeClassifierCV": 0.2229547682640989,
            "NearestCentroid": 0.21679481865379888,
            "RidgeClassifier": 0.21183990273746867,
            "GaussianNB": 0.20520114694349437,
            "Perceptron": 0.2028150624511034,
            "BernoulliNB": 0.19838500544751697,
            "CalibratedClassifierCV": 0.19715546714209814,
            "SVC": 0.19148476391123453,
            "KNeighborsClassifier": 0.1909079838662173,
            "LGBMClassifier": 0.16430322680322682,
            "RandomForestClassifier": 0.1508181769211181,
            "DecisionTreeClassifier": 0.14320405661683552,
            "BaggingClassifier": 0.14247836049306636,
            "ExtraTreesClassifier": 0.14146723374664552,
            "ExtraTreeClassifier": 0.13537588062873882,
            "AdaBoostClassifier": 0.12449621456974397,
            "LabelSpreading": 0.09090909090909091,
            "LabelPropagation": 0.09090909090909091,
            "DummyClassifier": 0.09090909090909091,
            "QuadraticDiscriminantAnalysis": 0.08090259555200548
        },
        "ROC AUC": {
            "LogisticRegression": null,
            "LinearDiscriminantAnalysis": null,
            "SGDClassifier": null,
            "PassiveAggressiveClassifier": null,
            "LinearSVC": null,
            "RidgeClassifierCV": null,
            "NearestCentroid": null,
            "RidgeClassifier": null,
            "GaussianNB": null,
            "Perceptron": null,
            "BernoulliNB": null,
            "CalibratedClassifierCV": null,
            "SVC": null,
            "KNeighborsClassifier": null,
            "LGBMClassifier": null,
            "RandomForestClassifier": null,
            "DecisionTreeClassifier": null,
            "BaggingClassifier": null,
            "ExtraTreesClassifier": null,
            "ExtraTreeClassifier": null,
            "AdaBoostClassifier": null,
            "LabelSpreading": null,
            "LabelPropagation": null,
            "DummyClassifier": null,
            "QuadraticDiscriminantAnalysis": null
        },
        "F1 Score": {
            "LogisticRegression": 0.37529571268340095,
            "LinearDiscriminantAnalysis": 0.36170694681095356,
            "SGDClassifier": 0.3435319361645766,
            "PassiveAggressiveClassifier": 0.33933826335449463,
            "LinearSVC": 0.3129185972464422,
            "RidgeClassifierCV": 0.34746117228031503,
            "NearestCentroid": 0.1761555710615786,
            "RidgeClassifier": 0.32931506438088703,
            "GaussianNB": 0.17736507654267492,
            "Perceptron": 0.28546070240778904,
            "BernoulliNB": 0.18279259042444979,
            "CalibratedClassifierCV": 0.30941266392034406,
            "SVC": 0.3099845992044563,
            "KNeighborsClassifier": 0.2581796508636686,
            "LGBMClassifier": 0.2702295114126718,
            "RandomForestClassifier": 0.25400987852807483,
            "DecisionTreeClassifier": 0.19639998868176348,
            "BaggingClassifier": 0.23985897238037396,
            "ExtraTreesClassifier": 0.23775228850924934,
            "ExtraTreeClassifier": 0.1959117701128981,
            "AdaBoostClassifier": 0.1913609488470771,
            "LabelSpreading": 0.0005331467319771414,
            "LabelPropagation": 0.0005331467319771414,
            "DummyClassifier": 0.072814310909549,
            "QuadraticDiscriminantAnalysis": 0.10346618225840165
        },
        "Time Taken": {
            "LogisticRegression": 1.5154304504394531,
            "LinearDiscriminantAnalysis": 1.9071447849273682,
            "SGDClassifier": 8.99639105796814,
            "PassiveAggressiveClassifier": 3.5294442176818848,
            "LinearSVC": 27.977787971496582,
            "RidgeClassifierCV": 1.1233575344085693,
            "NearestCentroid": 0.14056110382080078,
            "RidgeClassifier": 0.18824052810668945,
            "GaussianNB": 0.11679840087890625,
            "Perceptron": 1.4604411125183105,
            "BernoulliNB": 0.17552542686462402,
            "CalibratedClassifierCV": 99.88999557495117,
            "SVC": 6.57307767868042,
            "KNeighborsClassifier": 0.1749730110168457,
            "LGBMClassifier": 115.66358613967896,
            "RandomForestClassifier": 9.019889831542969,
            "DecisionTreeClassifier": 3.2423295974731445,
            "BaggingClassifier": 23.098578929901123,
            "ExtraTreesClassifier": 1.9974658489227295,
            "ExtraTreeClassifier": 0.09739828109741211,
            "AdaBoostClassifier": 18.519969701766968,
            "LabelSpreading": 0.8999693393707275,
            "LabelPropagation": 0.825373649597168,
            "DummyClassifier": 0.0800330638885498,
            "QuadraticDiscriminantAnalysis": 1.1518280506134033
        }
    }
}