{
    "predictions": {
        "Accuracy": {
            "LinearDiscriminantAnalysis": 0.5308641975308642,
            "NearestCentroid": 0.38271604938271603,
            "LogisticRegression": 0.5041152263374485,
            "Perceptron": 0.49588477366255146,
            "LinearSVC": 0.4711934156378601,
            "BernoulliNB": 0.3333333333333333,
            "SGDClassifier": 0.49588477366255146,
            "RidgeClassifier": 0.5185185185185185,
            "RidgeClassifierCV": 0.5267489711934157,
            "GaussianNB": 0.39300411522633744,
            "PassiveAggressiveClassifier": 0.4691358024691358,
            "DecisionTreeClassifier": 0.4567901234567901,
            "SVC": 0.5288065843621399,
            "LGBMClassifier": 0.5205761316872428,
            "CalibratedClassifierCV": 0.5267489711934157,
            "AdaBoostClassifier": 0.4732510288065844,
            "KNeighborsClassifier": 0.4547325102880658,
            "BaggingClassifier": 0.4691358024691358,
            "ExtraTreesClassifier": 0.5061728395061729,
            "RandomForestClassifier": 0.5205761316872428,
            "ExtraTreeClassifier": 0.39711934156378603,
            "QuadraticDiscriminantAnalysis": 0.4670781893004115,
            "LabelSpreading": 0.09053497942386832,
            "LabelPropagation": 0.09053497942386832,
            "DummyClassifier": 0.4670781893004115
        },
        "Balanced Accuracy": {
            "LinearDiscriminantAnalysis": 0.4825243510775805,
            "NearestCentroid": 0.4723883980137442,
            "LogisticRegression": 0.45706775525840593,
            "Perceptron": 0.45061167962433163,
            "LinearSVC": 0.44852980262942277,
            "BernoulliNB": 0.4444517427899508,
            "SGDClassifier": 0.4277815639246137,
            "RidgeClassifier": 0.421818382657992,
            "RidgeClassifierCV": 0.4217209728520532,
            "GaussianNB": 0.41890401965392404,
            "PassiveAggressiveClassifier": 0.39560919960239715,
            "DecisionTreeClassifier": 0.37525978029923335,
            "SVC": 0.3502115712507704,
            "LGBMClassifier": 0.3494573603094172,
            "CalibratedClassifierCV": 0.34492543747107307,
            "AdaBoostClassifier": 0.33839675724642027,
            "KNeighborsClassifier": 0.3220936605963084,
            "BaggingClassifier": 0.313297064261545,
            "ExtraTreesClassifier": 0.30642924203655164,
            "RandomForestClassifier": 0.304977499946043,
            "ExtraTreeClassifier": 0.29774320751768385,
            "QuadraticDiscriminantAnalysis": 0.25039568440212084,
            "LabelSpreading": 0.25,
            "LabelPropagation": 0.25,
            "DummyClassifier": 0.25
        },
        "ROC AUC": {
            "LinearDiscriminantAnalysis": null,
            "NearestCentroid": null,
            "LogisticRegression": null,
            "Perceptron": null,
            "LinearSVC": null,
            "BernoulliNB": null,
            "SGDClassifier": null,
            "RidgeClassifier": null,
            "RidgeClassifierCV": null,
            "GaussianNB": null,
            "PassiveAggressiveClassifier": null,
            "DecisionTreeClassifier": null,
            "SVC": null,
            "LGBMClassifier": null,
            "CalibratedClassifierCV": null,
            "AdaBoostClassifier": null,
            "KNeighborsClassifier": null,
            "BaggingClassifier": null,
            "ExtraTreesClassifier": null,
            "RandomForestClassifier": null,
            "ExtraTreeClassifier": null,
            "QuadraticDiscriminantAnalysis": null,
            "LabelSpreading": null,
            "LabelPropagation": null,
            "DummyClassifier": null
        },
        "F1 Score": {
            "LinearDiscriminantAnalysis": 0.5286026578237515,
            "NearestCentroid": 0.3942969047837747,
            "LogisticRegression": 0.5023109232299953,
            "Perceptron": 0.4946347951217583,
            "LinearSVC": 0.47144577996186177,
            "BernoulliNB": 0.34625330781464775,
            "SGDClassifier": 0.4924157412248657,
            "RidgeClassifier": 0.5059350638084432,
            "RidgeClassifierCV": 0.5118872298350482,
            "GaussianNB": 0.4043691863755737,
            "PassiveAggressiveClassifier": 0.46433445908229765,
            "DecisionTreeClassifier": 0.45430471402417066,
            "SVC": 0.4715405470040503,
            "LGBMClassifier": 0.4803811001112662,
            "CalibratedClassifierCV": 0.4699295953365081,
            "AdaBoostClassifier": 0.4359641566184493,
            "KNeighborsClassifier": 0.4220885825385069,
            "BaggingClassifier": 0.4267510569399091,
            "ExtraTreesClassifier": 0.4412604227383168,
            "RandomForestClassifier": 0.4474523719399729,
            "ExtraTreeClassifier": 0.39858118845116697,
            "QuadraticDiscriminantAnalysis": 0.3009994952846601,
            "LabelSpreading": 0.01503222299868002,
            "LabelPropagation": 0.01503222299868002,
            "DummyClassifier": 0.2974102355433195
        },
        "Time Taken": {
            "LinearDiscriminantAnalysis": 1.3588111400604248,
            "NearestCentroid": 0.1592543125152588,
            "LogisticRegression": 1.5545787811279297,
            "Perceptron": 0.9885873794555664,
            "LinearSVC": 25.91641592979431,
            "BernoulliNB": 0.2252645492553711,
            "SGDClassifier": 5.573009729385376,
            "RidgeClassifier": 0.24043774604797363,
            "RidgeClassifierCV": 1.1738598346710205,
            "GaussianNB": 0.21129298210144043,
            "PassiveAggressiveClassifier": 1.4742352962493896,
            "DecisionTreeClassifier": 4.082118272781372,
            "SVC": 7.77612829208374,
            "LGBMClassifier": 53.55509042739868,
            "CalibratedClassifierCV": 91.71103715896606,
            "AdaBoostClassifier": 20.298056602478027,
            "KNeighborsClassifier": 0.3149425983428955,
            "BaggingClassifier": 29.7819344997406,
            "ExtraTreesClassifier": 3.3943562507629395,
            "RandomForestClassifier": 10.757537126541138,
            "ExtraTreeClassifier": 0.12513041496276855,
            "QuadraticDiscriminantAnalysis": 1.4951164722442627,
            "LabelSpreading": 0.8991537094116211,
            "LabelPropagation": 0.793175220489502,
            "DummyClassifier": 0.09923219680786133
        }
    }
}